Date,NetworkType
2025-11-13 13:28:48,Wi-Fi
2025-11-13 19:32:27,Wi-Fi
2025-11-14 14:59:08,Wi-Fi
2025-11-14 15:20:48,Wi-Fi
2025-11-14 15:56:14,Wi-Fi
2025-11-14 16:53:14,Wi-Fi
2025-11-14 19:04:26,Wi-Fi
2025-11-14 19:13:22,Wi-Fi
2025-11-14 19:44:22,Wi-Fi
2025-11-14 20:31:48,Wi-Fi
2025-11-14 21:08:54,Wi-Fi
2025-11-14 22:05:22,Wi-Fi
2025-11-15 03:53:10,Wi-Fi
2025-11-15 03:58:26,Wi-Fi
2025-11-15 18:16:05,Wi-Fi
2025-11-15 19:53:48,Wi-Fi
2025-11-15 22:29:24,Wi-Fi
2025-11-15 23:03:15,Wi-Fi
2025-11-15 23:33:14,Wi-Fi
2025-11-16 09:56:26,Wi-Fi
2025-11-16 10:00:42,Wi-Fi
2025-11-16 11:13:41,Wi-Fi
2025-11-16 13:47:06,Wi-Fi
2025-11-16 14:14:29,Wi-Fi
2025-11-16 14:30:35,Wi-Fi
2025-11-16 14:32:39,Wi-Fi
2025-11-16 14:57:20,Wi-Fi
2025-11-16 15:05:20,Wi-Fi
2025-11-16 15:12:34,4G
2025-11-16 16:16:33,4G
2025-11-17 10:10:53,Wi-Fi
2025-11-17 12:14:10,4G
2025-11-17 21:57:14,Wi-Fi
2025-11-18 10:45:47,Wi-Fi
2025-11-18 11:16:09,4G
2025-11-18 11:19:39,Wi-Fi
2025-11-18 12:37:10,
2025-11-18 12:37:11,Wi-Fi
2025-11-18 13:17:05,Wi-Fi
2025-11-18 23:34:06,Wi-Fi
2025-11-18 23:35:36,Wi-Fi
2025-11-19 12:48:51,Wi-Fi
2025-11-19 12:54:52,Wi-Fi
2025-11-19 13:01:32,Wi-Fi
2025-11-19 13:03:50,Wi-Fi
2025-11-19 13:13:29,Wi-Fi
2025-11-19 13:21:25,Wi-Fi
2025-11-19 13:21:26,Wi-Fi
2025-11-19 13:35:57,Wi-Fi
2025-11-19 17:55:40,Wi-Fi
2025-11-19 20:03:35,Wi-Fi
2025-11-20 13:09:41,4G
2025-11-21 00:05:17,Wi-Fi
2025-11-21 00:09:32,Wi-Fi
2025-11-21 06:42:13,Wi-Fi
2025-11-21 06:46:51,Wi-Fi
2025-11-21 12:58:11,Wi-Fi
2025-11-21 13:06:58,Wi-Fi
2025-11-21 19:59:37,Wi-Fi
2025-11-21 20:00:41,Wi-Fi
2025-11-21 22:08:44,Wi-Fi
2025-11-21 22:12:49,Wi-Fi
2025-11-21 22:16:45,Wi-Fi
2025-11-21 22:49:36,Wi-Fi
2025-11-21 23:43:51,Wi-Fi
2025-11-22 09:50:56,Wi-Fi
2025-11-22 12:58:09,Wi-Fi
2025-11-22 13:29:00,Wi-Fi
2025-11-22 14:21:37,Wi-Fi
2025-11-22 14:38:20,Wi-Fi
2025-11-22 15:51:22,Wi-Fi
2025-11-22 20:12:37,4G
2025-11-22 20:13:49,4G
2025-11-23 11:53:17,Wi-Fi
2025-11-23 11:53:52,Wi-Fi
2025-11-23 11:57:58,4G
2025-11-23 14:07:06,Wi-Fi
2025-11-23 14:50:33,Wi-Fi
2025-11-23 14:51:29,Wi-Fi
2025-11-23 14:55:39,Wi-Fi
2025-11-23 16:11:34,Wi-Fi
2025-11-23 16:16:33,Wi-Fi
2025-11-23 16:18:08,Wi-Fi
2025-11-23 16:19:50,Wi-Fi
2025-11-23 16:22:02,Wi-Fi
2025-11-23 21:54:04,5g
2025-11-23 21:55:05,5g
2025-11-23 22:49:40,Wi-Fi
2025-11-23 22:53:41,Wi-Fi
2025-11-23 23:01:04,Wi-Fi
2025-11-23 23:05:29,Wi-Fi
2025-11-23 23:40:53,Wi-Fi
2025-11-23 23:42:06,Wi-Fi
2025-11-24 10:25:24,Wi-Fi
2025-11-24 14:02:18,Wi-Fi
2025-11-24 14:18:41,Wi-Fi
2025-11-24 15:11:50,Wi-Fi
2025-11-24 19:24:04,Wi-Fi
2025-11-24 19:24:27,Wi-Fi
2025-11-25 08:52:53,Wi-Fi
2025-11-25 19:52:38,Wi-Fi
2025-11-25 19:52:38,Wi-Fi
2025-11-26 15:37:10,Wi-Fi
2025-11-26 15:40:02,Wi-Fi
2025-11-26 15:49:57,Wi-Fi
2025-11-26 18:22:08,Wi-Fi
2025-11-26 18:30:58,Wi-Fi
2025-11-26 18:31:00,Wi-Fi
2025-11-26 18:58:46,Wi-Fi
2025-11-26 18:59:24,Wi-Fi
2025-11-26 19:00:33,Wi-Fi
2025-11-26 19:03:16,Wi-Fi
2025-11-26 19:06:15,Wi-Fi
2025-11-26 19:07:02,Wi-Fi
2025-11-26 19:08:16,Wi-Fi
2025-11-26 19:08:50,Wi-Fi
2025-11-26 19:15:05,Wi-Fi
2025-11-26 19:23:50,Wi-Fi
2025-11-26 19:23:54,Wi-Fi
2025-11-26 19:36:23,Wi-Fi
2025-11-26 19:39:49,Wi-Fi
2025-11-26 19:41:07,Wi-Fi
2025-11-26 19:44:43,Wi-Fi
2025-11-26 20:50:00,Wi-Fi
2025-11-26 23:01:33,Wi-Fi
2025-11-27 13:53:42,Wi-Fi
2025-11-27 13:56:22,Wi-Fi
2025-11-27 14:00:41,Wi-Fi
2025-11-28 09:20:32,Wi-Fi
2025-11-28 13:06:46,Wi-Fi
2025-11-28 13:23:14,Wi-Fi
2025-11-28 13:36:51,Wi-Fi
2025-11-28 14:53:30,5g
2025-11-28 15:00:12,Wi-Fi
2025-11-28 15:44:32,Wi-Fi
2025-11-28 15:46:09,Wi-Fi
2025-11-28 16:03:02,Wi-Fi
2025-11-28 16:19:09,Wi-Fi
2025-11-28 17:58:03,Wi-Fi
2025-11-28 19:11:34,Wi-Fi
2025-11-28 19:45:50,Wi-Fi
2025-11-28 20:26:21,Wi-Fi
2025-11-28 20:40:39,Wi-Fi
2025-11-28 20:47:20,Wi-Fi
2025-11-28 22:07:00,Wi-Fi
2025-11-28 23:37:59,Wi-Fi
2025-11-29 00:39:40,Wi-Fi
2025-11-29 21:58:02,Wi-Fi
2025-11-29 23:13:38,5g
2025-11-29 23:15:43,5g
2025-11-29 23:31:21,5g
2025-11-30 15:08:41,4G
2025-11-30 15:09:35,4G
2025-11-30 18:21:16,Wi-Fi
2025-11-30 18:23:11,Wi-Fi
2025-11-30 18:23:12,Wi-Fi
2025-11-30 18:26:27,Wi-Fi
2025-12-01 00:19:11,Wi-Fi
2025-12-01 10:07:49,Wi-Fi
2025-12-01 12:14:59,Wi-Fi
2025-12-01 17:10:13,Wi-Fi
2025-12-01 17:20:24,Wi-Fi
2025-12-02 00:16:26,Wi-Fi
2025-12-02 00:21:09,Wi-Fi
2025-12-02 10:58:43,Wi-Fi
2025-12-02 11:04:03,Wi-Fi
2025-12-02 11:20:22,Wi-Fi
2025-12-02 11:22:42,Wi-Fi
2025-12-02 11:26:05,Wi-Fi
2025-12-02 12:01:58,Wi-Fi
2025-12-02 12:29:58,Wi-Fi
2025-12-02 13:53:50,Wi-Fi
2025-12-02 13:57:55,Wi-Fi
2025-12-02 17:42:08,Wi-Fi
2025-12-02 18:46:11,Wi-Fi
2025-12-02 18:55:29,Wi-Fi
2025-12-02 19:52:19,Wi-Fi
2025-12-02 20:23:51,Wi-Fi
2025-12-03 07:31:08,Wi-Fi
2025-12-03 07:32:04,Wi-Fi
2025-12-03 09:28:18,Wi-Fi
2025-12-03 11:49:07,Wi-Fi
2025-12-03 11:49:53,Wi-Fi
2025-12-03 14:54:53,Wi-Fi
2025-12-03 23:50:05,Wi-Fi
2025-12-04 00:11:02,Wi-Fi
2025-12-04 00:36:31,Wi-Fi
2025-12-04 00:36:58,Wi-Fi
2025-12-04 11:52:37,Wi-Fi
2025-12-04 14:50:45,Wi-Fi
2025-12-04 15:10:43,Wi-Fi
2025-12-04 15:12:43,Wi-Fi
2025-12-05 10:49:06,4G
2025-12-05 10:49:42,4G
2025-12-05 10:50:04,4G
2025-12-05 10:51:36,Wi-Fi
2025-12-05 10:55:11,Wi-Fi
2025-12-05 10:58:10,Wi-Fi
2025-12-05 11:04:17,Wi-Fi
2025-12-05 11:05:10,Wi-Fi
2025-12-05 11:28:48,Wi-Fi
2025-12-05 11:46:15,Wi-Fi
2025-12-05 19:08:12,Wi-Fi
2025-12-05 19:09:13,Wi-Fi
2025-12-06 11:35:24,Wi-Fi
2025-12-06 11:47:51,Wi-Fi
2025-12-06 15:23:13,Wi-Fi
2025-12-06 15:39:18,Wi-Fi
2025-12-06 15:42:23,Wi-Fi
2025-12-06 15:42:30,Wi-Fi
2025-12-06 16:17:10,4G
2025-12-06 16:19:34,4G
2025-12-06 16:22:26,4G
2025-12-06 16:34:40,4G
2025-12-06 17:01:00,Wi-Fi
2025-12-06 18:51:57,Wi-Fi
2025-12-06 19:59:39,Wi-Fi
2025-12-06 20:13:11,Wi-Fi
2025-12-06 20:15:27,Wi-Fi
2025-12-06 20:17:27,Wi-Fi
2025-12-06 20:28:46,Wi-Fi
2025-12-06 21:17:33,Wi-Fi
2025-12-06 21:18:02,Wi-Fi
2025-12-06 22:31:49,Wi-Fi
2025-12-06 22:41:54,Wi-Fi
2025-12-06 22:50:05,Wi-Fi
2025-12-06 22:54:53,Wi-Fi
2025-12-06 23:12:01,Wi-Fi
2025-12-07 06:56:51,Wi-Fi
2025-12-07 10:00:59,Wi-Fi
2025-12-07 12:36:16,Wi-Fi
2025-12-07 12:58:40,Wi-Fi
2025-12-07 14:11:44,4G
2025-12-07 14:27:33,Wi-Fi
2025-12-07 14:42:47,Wi-Fi
2025-12-07 15:44:00,Wi-Fi
2025-12-07 16:16:25,Wi-Fi
2025-12-07 16:19:23,Wi-Fi
2025-12-07 19:50:21,5g
2025-12-07 19:51:37,5g
2025-12-07 19:56:15,5g
2025-12-07 19:56:17,5g
2025-12-07 20:36:58,5g
2025-12-07 20:40:20,5g
2025-12-07 21:51:41,Wi-Fi
2025-12-07 22:30:30,Wi-Fi
2025-12-08 10:38:37,4G
2025-12-08 10:39:28,4G
2025-12-08 11:23:32,5g
2025-12-08 11:29:23,4G
2025-12-08 11:34:44,5g
2025-12-08 11:36:30,5g
2025-12-08 12:04:53,5g
2025-12-08 12:24:27,Wi-Fi
2025-12-08 12:37:30,Wi-Fi
2025-12-08 13:34:30,Wi-Fi
2025-12-08 13:58:01,Wi-Fi
2025-12-08 14:15:03,Wi-Fi
2025-12-08 15:29:36,Wi-Fi
2025-12-08 17:40:20,Wi-Fi
2025-12-08 18:17:18,Wi-Fi
2025-12-08 18:18:19,5g
2025-12-08 19:08:48,Wi-Fi
2025-12-08 19:13:50,Wi-Fi
2025-12-08 19:14:09,Wi-Fi
2025-12-08 20:21:20,Wi-Fi
2025-12-08 23:53:15,Wi-Fi
2025-12-09 06:45:51,Wi-Fi
2025-12-09 07:34:09,Wi-Fi
2025-12-09 12:04:00,Wi-Fi
2025-12-09 13:25:31,Wi-Fi
2025-12-09 14:08:03,Wi-Fi
2025-12-09 15:59:52,Wi-Fi
2025-12-09 21:34:37,Wi-Fi
2025-12-09 21:52:27,Wi-Fi
2025-12-10 10:45:24,Wi-Fi
2025-12-10 11:47:55,Wi-Fi
2025-12-10 11:54:48,Wi-Fi
2025-12-10 16:23:17,5g
2025-12-10 16:29:11,Wi-Fi
2025-12-10 17:06:33,Wi-Fi
2025-12-10 18:32:42,Wi-Fi
2025-12-10 18:48:57,Wi-Fi
2025-12-10 18:56:26,Wi-Fi
2025-12-10 19:02:11,Wi-Fi
2025-12-10 19:26:13,4G
2025-12-10 19:36:54,4G
2025-12-10 19:47:08,5g
2025-12-10 20:21:50,Wi-Fi
2025-12-10 20:23:28,4G
2025-12-10 20:23:28,4G
2025-12-10 20:23:28,Wi-Fi
2025-12-10 20:26:32,Wi-Fi
2025-12-10 20:26:46,Wi-Fi
2025-12-10 21:08:57,Wi-Fi
2025-12-10 21:08:57,Wi-Fi
2025-12-10 21:23:06,Wi-Fi
2025-12-10 21:33:13,Wi-Fi
2025-12-10 21:42:14,Wi-Fi
2025-12-10 22:14:15,Wi-Fi
2025-12-10 22:56:21,Wi-Fi
2025-12-10 23:01:31,Wi-Fi
2025-12-10 23:06:04,Wi-Fi
2025-12-10 23:41:33,Wi-Fi
2025-12-11 01:08:14,Wi-Fi
2025-12-11 01:28:48,Wi-Fi
2025-12-11 01:51:56,Wi-Fi
2025-12-11 02:05:37,Wi-Fi
2025-12-11 06:45:16,Wi-Fi
2025-12-11 08:45:29,Wi-Fi
2025-12-11 10:15:25,Wi-Fi
2025-12-11 10:15:25,Wi-Fi
2025-12-11 10:15:25,Wi-Fi
2025-12-11 10:15:25,Wi-Fi
2025-12-11 11:17:48,Wi-Fi
2025-12-11 13:05:41,Wi-Fi
2025-12-11 13:05:53,Wi-Fi
2025-12-11 13:07:51,Wi-Fi
2025-12-11 17:04:43,Wi-Fi
2025-12-11 17:05:26,Wi-Fi
2025-12-11 17:30:15,Wi-Fi
2025-12-11 17:30:51,Wi-Fi
2025-12-11 17:59:39,Wi-Fi
2025-12-11 22:41:35,Wi-Fi
2025-12-11 22:49:02,Wi-Fi
2025-12-11 22:50:13,Wi-Fi
2025-12-11 22:51:06,Wi-Fi
2025-12-11 23:14:20,Wi-Fi
2025-12-12 00:14:28,Wi-Fi
2025-12-12 11:06:21,Wi-Fi
2025-12-12 13:31:29,Wi-Fi
2025-12-12 13:48:46,Wi-Fi
2025-12-12 21:55:03,Wi-Fi
2025-12-12 21:55:14,Wi-Fi
2025-12-13 11:50:35,5g
2025-12-13 11:50:35,5g
2025-12-13 16:21:21,Wi-Fi
2025-12-13 16:30:36,Wi-Fi
2025-12-13 17:18:51,4G
2025-12-13 17:20:54,4G
2025-12-13 18:18:43,Wi-Fi
2025-12-13 18:58:20,Wi-Fi
2025-12-13 19:01:21,Wi-Fi
2025-12-13 22:43:52,Wi-Fi
2025-12-14 18:32:21,Wi-Fi
2025-12-14 20:11:25,Wi-Fi
2025-12-14 20:27:38,Wi-Fi
2025-12-14 21:57:08,Wi-Fi
2025-12-14 23:24:36,4G
2025-12-15 00:50:54,Wi-Fi
2025-12-15 13:19:21,Wi-Fi
2025-12-15 13:20:20,Wi-Fi
2025-12-15 13:20:38,Wi-Fi
2025-12-15 13:21:10,Wi-Fi
2025-12-15 13:25:00,Wi-Fi
2025-12-15 13:43:31,Wi-Fi
2025-12-15 14:56:36,4G
2025-12-15 14:58:19,Wi-Fi
2025-12-15 14:58:42,4G
2025-12-15 15:41:01,Wi-Fi
2025-12-15 16:00:42,Wi-Fi
2025-12-15 16:40:52,Wi-Fi
2025-12-15 17:50:39,Wi-Fi
2025-12-15 18:05:23,Wi-Fi
2025-12-15 19:26:48,4G
2025-12-15 19:41:32,5g
2025-12-15 19:53:36,5g
2025-12-15 20:06:57,Wi-Fi
2025-12-15 20:17:20,Wi-Fi
2025-12-15 20:21:32,Wi-Fi
2025-12-15 20:49:06,Wi-Fi
2025-12-15 21:19:49,Wi-Fi
2025-12-15 23:53:41,Wi-Fi
2025-12-15 23:55:13,Wi-Fi
2025-12-16 00:03:02,Wi-Fi
2025-12-16 01:10:49,Wi-Fi
2025-12-16 01:33:15,Wi-Fi
2025-12-16 07:04:43,Wi-Fi
2025-12-16 09:43:38,4G
2025-12-16 11:25:17,Wi-Fi
2025-12-16 11:37:58,Wi-Fi
2025-12-16 12:03:54,Wi-Fi
2025-12-16 12:30:29,Wi-Fi
2025-12-16 12:35:32,Wi-Fi
2025-12-16 13:17:37,Wi-Fi
2025-12-16 13:36:38,Wi-Fi
2025-12-16 15:00:52,4G
2025-12-16 16:36:04,Wi-Fi
2025-12-16 16:55:08,Wi-Fi
2025-12-16 17:02:36,4G
2025-12-16 17:23:01,Wi-Fi
2025-12-16 17:34:34,4G
2025-12-16 19:00:12,Wi-Fi
2025-12-16 19:28:35,5g
2025-12-16 20:21:42,Wi-Fi
2025-12-16 21:24:42,Wi-Fi
2025-12-16 21:35:56,Wi-Fi
2025-12-16 21:48:42,Wi-Fi
2025-12-16 22:02:21,Wi-Fi
2025-12-16 22:04:45,Wi-Fi
2025-12-16 22:06:30,Wi-Fi
2025-12-16 22:25:35,Wi-Fi
2025-12-16 23:57:40,Wi-Fi
2025-12-17 00:10:06,Wi-Fi
2025-12-17 00:38:48,Wi-Fi
2025-12-17 06:50:15,Wi-Fi
2025-12-17 12:06:08,Wi-Fi
2025-12-17 12:12:04,Wi-Fi
2025-12-17 14:49:27,Wi-Fi
2025-12-18 00:38:36,Wi-Fi
2025-12-18 00:39:29,Wi-Fi
2025-12-18 00:58:49,Wi-Fi
2025-12-18 00:58:50,Wi-Fi
2025-12-18 01:14:03,Wi-Fi
2025-12-18 08:32:56,5g
2025-12-18 08:37:29,5g
2025-12-18 09:15:10,5g
2025-12-18 09:30:10,5g
2025-12-18 11:23:47,Wi-Fi
2025-12-18 11:59:02,Wi-Fi
2025-12-18 12:05:10,Wi-Fi
2025-12-18 12:42:01,Wi-Fi
2025-12-18 13:00:33,5g
2025-12-18 13:11:14,Wi-Fi
2025-12-18 13:38:32,Wi-Fi
2025-12-18 14:15:18,Wi-Fi
2025-12-18 14:15:18,Wi-Fi
2025-12-18 14:15:18,Wi-Fi
2025-12-18 15:25:23,Wi-Fi
2025-12-18 17:12:09,Wi-Fi
2025-12-18 18:21:46,Wi-Fi
2025-12-18 19:00:33,Wi-Fi
2025-12-18 20:31:46,Wi-Fi
2025-12-18 23:08:37,Wi-Fi
2025-12-18 23:44:10,Wi-Fi
2025-12-19 00:15:48,Wi-Fi
2025-12-19 07:14:57,Wi-Fi
2025-12-19 10:16:19,4G
2025-12-19 10:37:23,4G
2025-12-19 10:37:24,4G
2025-12-19 10:55:01,Wi-Fi
2025-12-19 19:35:14,Wi-Fi
2025-12-19 20:03:23,5g
2025-12-19 20:04:40,5g
2025-12-19 20:07:22,5g
2025-12-19 20:14:20,5g
2025-12-20 20:37:52,Wi-Fi
2025-12-20 20:44:58,Wi-Fi
2025-12-20 20:50:20,Wi-Fi
2025-12-20 20:55:00,Wi-Fi
2025-12-20 20:56:02,Wi-Fi
2025-12-20 20:57:17,Wi-Fi
2025-12-21 07:31:40,Wi-Fi
2025-12-21 15:55:00,Wi-Fi
2025-12-21 16:31:28,Wi-Fi
2025-12-21 16:37:05,Wi-Fi
2025-12-21 17:04:42,Wi-Fi
2025-12-22 13:20:10,Wi-Fi
2025-12-22 19:25:25,5g
2025-12-23 14:13:40,Wi-Fi
2025-12-23 14:34:02,Wi-Fi
2025-12-23 14:34:59,Wi-Fi
2025-12-23 17:04:45,Wi-Fi
2025-12-23 17:10:39,Wi-Fi
2025-12-23 17:15:43,Wi-Fi
2025-12-24 10:33:51,5g
2025-12-24 10:37:09,Wi-Fi
2025-12-24 17:26:06,Wi-Fi
2025-12-24 17:43:56,Wi-Fi
2025-12-24 22:39:53,Wi-Fi
2025-12-24 23:50:06,Wi-Fi
2025-12-24 23:50:45,Wi-Fi
2025-12-25 17:12:14,Wi-Fi
2025-12-25 18:30:50,Wi-Fi
2025-12-26 19:31:32,Wi-Fi
2025-12-27 02:32:18,Wi-Fi
2025-12-27 02:36:27,Wi-Fi
2025-12-27 09:41:47,Wi-Fi
2025-12-27 10:27:33,Wi-Fi
2025-12-27 19:34:43,Wi-Fi
2025-12-27 19:36:29,Wi-Fi
2025-12-27 20:16:55,Wi-Fi
2025-12-27 23:11:36,Wi-Fi
2025-12-27 23:19:30,Wi-Fi
2025-12-27 23:37:12,Wi-Fi
2025-12-27 23:37:48,Wi-Fi
2025-12-27 23:39:06,Wi-Fi
2025-12-27 23:47:15,4G
2025-12-28 13:25:52,4G
2025-12-28 13:29:00,4G
2025-12-28 13:38:45,5g
2025-12-28 16:59:57,5g
2025-12-28 17:05:55,5g
2025-12-29 12:37:33,Wi-Fi
2025-12-29 16:28:59,Wi-Fi
2025-12-29 16:31:20,Wi-Fi
2025-12-29 17:57:45,Wi-Fi
2025-12-29 18:08:12,Wi-Fi
2025-12-29 18:12:13,Wi-Fi
2025-12-29 20:49:57,4G
2025-12-29 20:51:22,Wi-Fi
2025-12-29 20:53:02,Wi-Fi
2025-12-29 20:53:38,Wi-Fi
2025-12-29 21:04:58,Wi-Fi
2025-12-29 21:28:49,Wi-Fi
2025-12-29 21:34:30,Wi-Fi
2025-12-29 22:04:26,Wi-Fi
2025-12-29 22:21:57,Wi-Fi
2025-12-30 00:05:02,Wi-Fi
2025-12-30 06:54:25,Wi-Fi
2025-12-30 08:34:44,Wi-Fi
2025-12-30 09:06:40,4G
2025-12-30 12:33:55,Wi-Fi
2025-12-30 12:45:41,Wi-Fi
2025-12-30 21:07:08,Wi-Fi
2025-12-30 21:21:08,Wi-Fi
2025-12-30 23:07:11,Wi-Fi
2025-12-30 23:15:31,Wi-Fi
2025-12-31 03:29:24,Wi-Fi
2025-12-31 13:39:32,Wi-Fi
2025-12-31 15:12:11,Wi-Fi
2025-12-31 15:20:46,Wi-Fi
2025-12-31 15:33:24,Wi-Fi
2025-12-31 15:37:40,Wi-Fi
2025-12-31 16:35:59,Wi-Fi
2025-12-31 16:41:45,Wi-Fi
2025-12-31 17:02:41,Wi-Fi
2025-12-31 17:40:57,Wi-Fi
2025-12-31 17:47:53,Wi-Fi
2025-12-31 17:54:48,Wi-Fi
2025-12-31 19:26:36,4G
2025-12-31 19:59:42,Wi-Fi
2025-12-31 20:01:53,Wi-Fi
2025-12-31 20:26:34,Wi-Fi
2025-12-31 21:30:59,4G
2025-12-31 21:32:28,Wi-Fi
2025-12-31 21:35:02,Wi-Fi
2025-12-31 21:46:54,5g
2026-01-01 00:06:27,Wi-Fi
2026-01-01 00:14:15,Wi-Fi
2026-01-01 01:18:00,Wi-Fi
2026-01-01 01:28:44,Wi-Fi
2026-01-01 01:44:50,Wi-Fi
2026-01-01 07:16:01,Wi-Fi
2026-01-01 11:03:38,Wi-Fi
2026-01-01 12:01:03,Wi-Fi
2026-01-01 12:31:15,Wi-Fi
2026-01-01 15:06:29,Wi-Fi
2026-01-01 15:07:29,Wi-Fi
2026-01-01 15:30:29,Wi-Fi
2026-01-01 18:03:44,4G
2026-01-01 19:27:30,Wi-Fi
2026-01-01 20:31:35,Wi-Fi
2026-01-01 20:32:57,Wi-Fi
2026-01-01 22:29:42,4G
2026-01-02 01:42:45,4G
2026-01-02 11:52:08,4G
2026-01-02 12:11:35,4G
2026-01-02 12:15:22,4G
2026-01-02 12:17:44,4G
2026-01-02 12:33:51,4G
2026-01-02 12:35:12,4G
2026-01-02 12:38:19,4G
2026-01-02 12:39:56,5g
2026-01-02 12:50:38,Wi-Fi
2026-01-02 12:54:54,Wi-Fi
2026-01-02 12:56:28,Wi-Fi
2026-01-02 13:01:13,Wi-Fi
2026-01-02 13:57:35,Wi-Fi
2026-01-02 14:41:13,Wi-Fi
2026-01-02 14:42:10,Wi-Fi
2026-01-02 14:51:24,Wi-Fi
2026-01-02 14:55:00,Wi-Fi
2026-01-02 15:03:34,Wi-Fi
2026-01-02 15:07:11,Wi-Fi
2026-01-02 15:08:37,Wi-Fi
2026-01-02 15:11:53,Wi-Fi
2026-01-02 15:21:50,Wi-Fi
2026-01-02 18:04:31,4G
2026-01-02 19:18:44,Wi-Fi
2026-01-02 20:44:37,4G
2026-01-02 20:44:55,4G
2026-01-03 00:03:18,Wi-Fi
2026-01-03 01:30:40,Wi-Fi
2026-01-03 12:07:14,Wi-Fi
2026-01-03 12:13:05,Wi-Fi
2026-01-03 12:14:24,Wi-Fi
2026-01-03 12:25:52,Wi-Fi
2026-01-03 15:23:42,Wi-Fi
2026-01-03 17:19:32,Wi-Fi
2026-01-03 19:06:09,4G
2026-01-03 19:09:31,Wi-Fi
2026-01-03 19:23:50,Wi-Fi
2026-01-03 19:46:18,Wi-Fi
2026-01-03 19:50:08,Wi-Fi
2026-01-03 20:36:23,Wi-Fi
2026-01-03 20:56:42,Wi-Fi
2026-01-03 21:10:46,Wi-Fi
2026-01-03 21:19:19,Wi-Fi
2026-01-03 21:55:52,Wi-Fi
2026-01-03 21:56:52,Wi-Fi
2026-01-03 22:00:51,4G
2026-01-03 22:03:48,Wi-Fi
2026-01-03 22:13:57,4G
2026-01-03 22:17:58,Wi-Fi
2026-01-03 22:37:50,Wi-Fi
2026-01-03 22:40:49,Wi-Fi
2026-01-03 23:00:27,Wi-Fi
2026-01-03 23:04:17,Wi-Fi
2026-01-03 23:17:19,Wi-Fi
2026-01-04 00:29:25,Wi-Fi
2026-01-04 11:04:15,Wi-Fi
2026-01-04 11:33:24,Wi-Fi
2026-01-04 11:37:24,Wi-Fi
2026-01-04 12:03:07,Wi-Fi
2026-01-04 12:03:07,Wi-Fi
2026-01-04 13:55:28,Wi-Fi
2026-01-04 13:57:31,Wi-Fi
2026-01-04 13:59:14,Wi-Fi
2026-01-04 14:51:35,Wi-Fi
2026-01-04 14:56:19,Wi-Fi
2026-01-04 15:18:08,Wi-Fi
2026-01-04 17:52:33,5g
2026-01-04 18:01:57,5g
2026-01-04 18:09:41,Wi-Fi
2026-01-04 19:28:06,Wi-Fi
2026-01-04 19:38:03,Wi-Fi
2026-01-04 21:40:15,5g
2026-01-05 13:08:42,Wi-Fi
2026-01-05 13:09:25,Wi-Fi
2026-01-05 13:09:32,Wi-Fi
2026-01-05 13:14:15,Wi-Fi
2026-01-05 16:40:09,Wi-Fi
2026-01-05 16:54:14,Wi-Fi
2026-01-05 16:58:38,Wi-Fi
2026-01-05 16:59:41,Wi-Fi
2026-01-05 20:13:20,4G
2026-01-05 20:31:43,Wi-Fi
2026-01-06 10:01:58,Wi-Fi
2026-01-06 15:35:29,5g
2026-01-06 19:36:57,Wi-Fi
2026-01-07 10:23:32,Wi-Fi
2026-01-07 10:29:26,Wi-Fi
2026-01-07 17:10:37,Wi-Fi
2026-01-07 18:15:27,Wi-Fi
2026-01-07 18:45:13,4G
2026-01-07 19:08:17,Wi-Fi
2026-01-07 19:12:17,Wi-Fi
2026-01-07 21:32:35,Wi-Fi
2026-01-07 21:33:28,Wi-Fi
2026-01-07 21:58:48,Wi-Fi
2026-01-07 22:04:17,Wi-Fi
2026-01-07 22:05:14,Wi-Fi
2026-01-07 22:12:08,Wi-Fi
2026-01-07 22:12:11,Wi-Fi
2026-01-07 22:25:04,Wi-Fi
2026-01-07 22:25:07,Wi-Fi
2026-01-07 22:43:12,Wi-Fi
2026-01-07 22:48:07,Wi-Fi
2026-01-08 10:48:52,Wi-Fi
2026-01-08 10:56:48,Wi-Fi
2026-01-08 10:59:45,4G
2026-01-08 11:00:41,Wi-Fi
2026-01-08 11:05:51,Wi-Fi
2026-01-08 11:10:41,Wi-Fi
2026-01-08 15:18:10,4G
2026-01-08 21:15:16,Wi-Fi
2026-01-08 21:16:12,Wi-Fi
2026-01-08 21:18:13,Wi-Fi
2026-01-09 08:40:02,4G
2026-01-09 08:51:05,4G
2026-01-09 08:51:06,4G
2026-01-09 08:51:15,4G
2026-01-09 09:09:02,4G
2026-01-09 09:10:40,5g
2026-01-09 09:12:16,5g
2026-01-09 09:12:41,5g
2026-01-09 09:16:58,4G
2026-01-09 09:45:29,5g
2026-01-09 10:28:48,4G
2026-01-09 10:32:05,4G
2026-01-09 10:36:02,5g
2026-01-09 10:38:48,5g
2026-01-09 10:49:43,Wi-Fi
2026-01-09 10:50:52,Wi-Fi
2026-01-09 15:19:55,Wi-Fi
2026-01-09 15:23:17,Wi-Fi
2026-01-09 15:54:24,Wi-Fi
2026-01-09 15:55:59,Wi-Fi
2026-01-09 15:59:11,Wi-Fi
2026-01-09 16:00:07,Wi-Fi
2026-01-09 16:53:43,Wi-Fi
2026-01-09 16:53:44,Wi-Fi
2026-01-09 18:06:36,Wi-Fi
2026-01-09 18:07:12,Wi-Fi
2026-01-09 21:48:22,Wi-Fi
2026-01-10 00:08:43,Wi-Fi
2026-01-10 17:51:58,Wi-Fi
2026-01-10 17:59:50,Wi-Fi
2026-01-10 19:29:38,Wi-Fi
2026-01-10 19:31:47,Wi-Fi
2026-01-10 21:12:33,Wi-Fi
2026-01-10 21:21:05,Wi-Fi
2026-01-10 21:24:23,Wi-Fi
2026-01-11 16:02:22,5g
2026-01-11 16:06:17,Wi-Fi
2026-01-11 17:05:03,Wi-Fi
2026-01-11 17:07:58,Wi-Fi
2026-01-11 17:16:06,Wi-Fi
2026-01-11 17:22:18,Wi-Fi
2026-01-11 17:23:55,Wi-Fi
2026-01-11 19:40:50,Wi-Fi
2026-01-11 22:15:03,Wi-Fi
2026-01-11 22:32:36,Wi-Fi
2026-01-11 23:11:26,4G
2026-01-11 23:12:25,4G
2026-01-11 23:45:21,Wi-Fi
2026-01-11 23:48:45,Wi-Fi
2026-01-12 00:22:23,Wi-Fi
2026-01-12 00:25:23,Wi-Fi
2026-01-12 00:48:36,Wi-Fi
2026-01-12 07:16:13,Wi-Fi
2026-01-12 07:24:17,Wi-Fi
2026-01-12 10:53:52,Wi-Fi
2026-01-12 12:31:20,Wi-Fi
2026-01-12 14:37:06,Wi-Fi
2026-01-12 14:38:52,Wi-Fi
2026-01-12 14:40:14,Wi-Fi
2026-01-12 15:42:50,Wi-Fi
2026-01-12 16:35:22,Wi-Fi
2026-01-12 16:56:42,Wi-Fi
2026-01-12 17:12:40,Wi-Fi
2026-01-12 17:12:43,Wi-Fi
2026-01-12 17:16:13,Wi-Fi
2026-01-12 17:29:17,Wi-Fi
2026-01-12 20:39:42,Wi-Fi
2026-01-12 20:41:59,Wi-Fi
2026-01-12 21:36:33,Wi-Fi
2026-01-12 23:22:31,Wi-Fi
2026-01-12 23:27:48,Wi-Fi
2026-01-12 23:54:14,Wi-Fi
2026-01-13 00:12:28,Wi-Fi
2026-01-13 07:05:55,4G
2026-01-13 10:21:57,4G
2026-01-13 15:06:24,Wi-Fi
2026-01-13 15:13:30,Wi-Fi
2026-01-13 15:13:57,Wi-Fi
2026-01-14 02:19:55,Wi-Fi
2026-01-14 02:22:11,Wi-Fi
2026-01-14 07:03:16,5g
2026-01-14 13:47:47,Wi-Fi
2026-01-14 16:21:40,Wi-Fi
2026-01-14 16:25:43,Wi-Fi
2026-01-14 18:01:07,Wi-Fi
2026-01-14 18:02:09,Wi-Fi
2026-01-14 18:03:45,Wi-Fi
2026-01-14 19:28:18,Wi-Fi
2026-01-14 22:04:42,Wi-Fi
2026-01-14 22:50:58,5g
2026-01-15 10:44:56,Wi-Fi
2026-01-15 15:02:35,Wi-Fi
2026-01-15 15:12:32,Wi-Fi
2026-01-15 16:36:05,Wi-Fi
2026-01-15 20:09:48,Wi-Fi
2026-01-15 20:22:50,Wi-Fi
2026-01-15 20:22:51,Wi-Fi
2026-01-15 20:23:10,Wi-Fi
2026-01-15 20:29:24,Wi-Fi
2026-01-15 20:42:27,Wi-Fi
2026-01-16 15:04:11,Wi-Fi
2026-01-16 15:26:05,Wi-Fi
2026-01-16 15:56:17,Wi-Fi
2026-01-16 15:58:02,Wi-Fi
2026-01-16 15:58:53,Wi-Fi
2026-01-16 20:29:11,Wi-Fi
2026-01-16 20:51:50,Wi-Fi
2026-01-16 20:53:07,Wi-Fi
2026-01-16 20:54:02,Wi-Fi
2026-01-16 20:57:17,Wi-Fi
2026-01-16 21:03:44,Wi-Fi
2026-01-16 21:10:28,Wi-Fi
2026-01-16 21:21:38,Wi-Fi
2026-01-16 22:07:46,Wi-Fi
2026-01-16 22:09:38,Wi-Fi
2026-01-16 22:11:22,5g
2026-01-16 22:50:25,5g
2026-01-16 22:52:22,4G
2026-01-16 22:52:54,4G
2026-01-16 23:00:09,4G
2026-01-16 23:01:23,4G
2026-01-16 23:01:24,4G
2026-01-16 23:18:49,Wi-Fi
2026-01-16 23:22:46,Wi-Fi
2026-01-16 23:36:31,Wi-Fi
2026-01-16 23:43:49,Wi-Fi
2026-01-16 23:50:25,Wi-Fi
2026-01-17 00:15:39,Wi-Fi
2026-01-17 00:31:51,Wi-Fi
2026-01-17 00:39:21,Wi-Fi
2026-01-17 01:21:15,Wi-Fi
2026-01-17 01:22:34,Wi-Fi
2026-01-17 01:22:57,Wi-Fi
2026-01-17 01:36:05,Wi-Fi
2026-01-17 01:49:01,Wi-Fi
2026-01-17 02:34:58,4G
2026-01-17 06:29:39,Wi-Fi
2026-01-17 06:35:21,Wi-Fi
2026-01-17 06:56:10,Wi-Fi
2026-01-17 11:55:01,Wi-Fi
2026-01-17 12:15:34,Wi-Fi
2026-01-17 12:22:31,Wi-Fi
2026-01-17 13:12:26,Wi-Fi
2026-01-17 14:39:04,Wi-Fi
2026-01-17 16:12:57,Wi-Fi
2026-01-17 17:06:23,Wi-Fi
2026-01-17 18:47:13,Wi-Fi
2026-01-17 20:39:18,Wi-Fi
2026-01-17 20:42:24,Wi-Fi
2026-01-17 20:44:00,Wi-Fi
2026-01-17 20:48:30,Wi-Fi
2026-01-17 20:50:11,Wi-Fi
2026-01-17 20:52:20,Wi-Fi
2026-01-17 21:41:24,Wi-Fi
2026-01-17 21:42:49,Wi-Fi
2026-01-17 22:47:33,Wi-Fi
2026-01-17 22:48:48,Wi-Fi
2026-01-17 22:55:38,Wi-Fi
2026-01-18 00:47:20,Wi-Fi
2026-01-18 02:15:21,5g
2026-01-18 12:47:09,5g
2026-01-18 13:20:42,Wi-Fi
2026-01-18 13:22:01,Wi-Fi
2026-01-18 16:02:19,Wi-Fi
2026-01-20 13:57:34,Wi-Fi
2026-01-20 13:59:39,Wi-Fi
2026-01-20 14:06:21,Wi-Fi
2026-01-20 14:13:40,Wi-Fi
2026-01-20 14:53:40,Wi-Fi
2026-01-20 14:54:49,Wi-Fi
2026-01-20 14:58:09,Wi-Fi
2026-01-20 15:44:34,Wi-Fi
2026-01-20 22:29:40,Wi-Fi
2026-01-20 22:33:11,Wi-Fi
2026-01-20 22:38:49,Wi-Fi
2026-01-21 12:17:39,Wi-Fi
2026-01-21 13:01:12,Wi-Fi
2026-01-21 13:09:10,Wi-Fi
2026-01-21 13:49:33,Wi-Fi
2026-01-21 14:35:03,Wi-Fi
2026-01-21 15:32:34,Wi-Fi
2026-01-21 16:13:26,Wi-Fi
2026-01-21 19:02:50,Wi-Fi
2026-01-21 19:14:36,4G
2026-01-21 19:29:01,5g
2026-01-21 20:36:28,Wi-Fi
2026-01-21 21:35:30,Wi-Fi
2026-01-22 07:40:04,5g
2026-01-22 07:46:17,5g
2026-01-22 08:28:10,5g
2026-01-22 08:35:51,5g
2026-01-22 10:41:42,5g
2026-01-22 10:48:30,5g
2026-01-22 21:31:18,Wi-Fi
2026-01-22 22:07:38,Wi-Fi
2026-01-22 22:59:59,Wi-Fi
2026-01-22 23:58:38,Wi-Fi
2026-01-23 10:36:18,Wi-Fi
2026-01-23 10:38:11,Wi-Fi
2026-01-23 10:39:10,Wi-Fi
2026-01-23 10:46:39,Wi-Fi
2026-01-23 14:09:52,Wi-Fi
2026-01-23 14:23:16,Wi-Fi
2026-01-23 14:32:48,Wi-Fi
2026-01-23 14:33:11,Wi-Fi
2026-01-23 15:30:19,Wi-Fi
2026-01-23 15:45:42,Wi-Fi
2026-01-23 18:31:55,Wi-Fi
2026-01-23 19:53:37,Wi-Fi
2026-01-23 19:55:12,Wi-Fi
2026-01-23 20:04:57,Wi-Fi
2026-01-23 20:51:31,Wi-Fi
2026-01-23 20:54:28,Wi-Fi
2026-01-23 20:59:33,Wi-Fi
2026-01-23 21:00:44,Wi-Fi
2026-01-23 21:00:56,Wi-Fi
2026-01-23 21:02:24,Wi-Fi
2026-01-23 21:02:51,Wi-Fi
2026-01-23 21:12:01,Wi-Fi
2026-01-23 21:13:36,Wi-Fi
2026-01-23 21:15:43,Wi-Fi
2026-01-23 21:41:29,Wi-Fi
2026-01-23 21:42:36,Wi-Fi
2026-01-23 21:43:15,Wi-Fi
2026-01-23 21:43:54,Wi-Fi
2026-01-23 22:43:09,Wi-Fi
2026-01-23 22:46:06,Wi-Fi
2026-01-23 23:41:55,Wi-Fi
2026-01-23 23:50:59,Wi-Fi
2026-01-24 00:19:16,Wi-Fi
2026-01-24 00:34:56,Wi-Fi
2026-01-24 11:51:02,Wi-Fi
2026-01-24 11:58:41,Wi-Fi
2026-01-24 12:13:25,Wi-Fi
2026-01-24 12:59:37,Wi-Fi
2026-01-24 13:09:12,5g
2026-01-24 13:14:15,5g
2026-01-24 13:25:24,5g
2026-01-24 15:34:08,Wi-Fi
2026-01-24 19:23:21,Wi-Fi
2026-01-24 19:33:13,4G
2026-01-24 19:33:14,5g
2026-01-24 20:24:27,Wi-Fi
2026-01-24 20:27:04,Wi-Fi
2026-01-24 20:28:45,Wi-Fi
2026-01-25 00:49:33,Wi-Fi
2026-01-25 12:49:27,Wi-Fi
2026-01-25 12:50:01,Wi-Fi
2026-01-25 20:52:24,Wi-Fi
2026-01-25 21:28:48,Wi-Fi
2026-01-25 21:45:43,Wi-Fi
2026-01-26 00:11:38,Wi-Fi
2026-01-26 07:40:03,Wi-Fi
2026-01-26 09:14:20,Wi-Fi
2026-01-26 09:56:41,Wi-Fi
2026-01-26 10:48:50,Wi-Fi
2026-01-26 10:49:50,Wi-Fi
2026-01-26 12:52:01,Wi-Fi
2026-01-26 19:06:48,Wi-Fi
2026-01-26 19:11:24,Wi-Fi
2026-01-26 20:00:56,Wi-Fi
2026-01-26 20:05:21,Wi-Fi
2026-01-26 20:13:53,Wi-Fi
2026-01-26 22:00:35,Wi-Fi
2026-01-27 10:35:41,Wi-Fi
2026-01-27 10:43:45,Wi-Fi
2026-01-27 13:16:04,Wi-Fi
2026-01-27 13:20:39,Wi-Fi
2026-01-27 13:32:57,Wi-Fi
2026-01-27 13:33:27,Wi-Fi
2026-01-27 14:14:46,Wi-Fi
2026-01-27 14:23:03,Wi-Fi
2026-01-27 14:41:19,Wi-Fi
2026-01-27 15:21:06,Wi-Fi
2026-01-27 15:22:10,Wi-Fi
2026-01-27 20:14:02,Wi-Fi
2026-01-27 21:14:11,Wi-Fi
2026-01-27 21:17:34,Wi-Fi
2026-01-28 00:14:07,Wi-Fi
2026-01-28 09:50:31,4G
2026-01-28 09:54:41,4G
2026-01-28 10:03:57,4G
2026-01-28 10:04:25,4G
2026-01-28 11:43:33,Wi-Fi
2026-01-28 11:55:29,Wi-Fi
2026-01-28 11:55:36,Wi-Fi
2026-01-28 19:12:04,Wi-Fi
2026-01-28 19:23:47,Wi-Fi
2026-01-28 20:08:21,Wi-Fi
2026-01-28 23:30:34,Wi-Fi
2026-01-29 00:45:33,Wi-Fi
2026-01-29 11:24:45,Wi-Fi
2026-01-29 11:30:34,Wi-Fi
2026-01-29 12:49:00,Wi-Fi
2026-01-29 13:11:52,Wi-Fi
2026-01-29 13:29:27,Wi-Fi
2026-01-29 14:00:08,Wi-Fi
2026-01-29 14:15:00,Wi-Fi
2026-01-29 14:24:12,Wi-Fi
2026-01-29 14:26:55,4G
2026-01-29 14:49:50,4G
2026-01-29 15:34:37,Wi-Fi
2026-01-29 17:06:19,Wi-Fi
2026-01-29 17:08:11,Wi-Fi
2026-01-29 17:09:10,Wi-Fi
2026-01-29 19:55:14,Wi-Fi
2026-01-29 21:53:25,Wi-Fi
2026-01-30 00:25:37,Wi-Fi
2026-01-30 00:38:14,Wi-Fi
2026-01-30 10:48:54,Wi-Fi
2026-01-30 10:54:43,Wi-Fi
2026-01-30 12:49:40,Wi-Fi
2026-01-30 15:54:39,Wi-Fi
2026-01-30 16:00:30,Wi-Fi
2026-01-30 16:04:04,Wi-Fi
2026-01-30 16:17:42,Wi-Fi
2026-01-30 16:20:25,Wi-Fi
2026-01-30 16:25:18,Wi-Fi
2026-01-30 16:25:18,Wi-Fi
2026-01-30 16:26:24,Wi-Fi
2026-01-30 20:35:25,Wi-Fi
2026-01-31 07:28:05,4G
2026-01-31 12:04:07,Wi-Fi
2026-01-31 12:30:54,Wi-Fi
2026-01-31 13:53:31,Wi-Fi
2026-01-31 14:05:17,Wi-Fi
2026-01-31 14:11:12,Wi-Fi
2026-01-31 14:18:08,Wi-Fi
2026-01-31 14:20:23,Wi-Fi
2026-01-31 14:39:07,Wi-Fi
2026-01-31 15:08:49,Wi-Fi
2026-01-31 15:15:24,Wi-Fi
2026-01-31 15:15:58,3G
2026-01-31 15:58:54,4G
2026-01-31 16:25:19,Wi-Fi
2026-01-31 16:55:43,Wi-Fi
2026-01-31 16:57:23,Wi-Fi
2026-01-31 16:59:02,Wi-Fi
2026-01-31 17:02:21,Wi-Fi
2026-01-31 17:04:08,Wi-Fi
2026-01-31 17:07:56,Wi-Fi
2026-01-31 17:12:39,Wi-Fi
2026-01-31 17:18:47,Wi-Fi
2026-01-31 17:30:01,Wi-Fi
2026-01-31 18:04:59,Wi-Fi
2026-01-31 18:14:27,Wi-Fi
2026-01-31 18:16:00,Wi-Fi
2026-01-31 18:20:39,Wi-Fi
2026-01-31 18:23:14,Wi-Fi
2026-01-31 18:37:35,Wi-Fi
2026-01-31 18:37:58,Wi-Fi
2026-01-31 18:40:31,Wi-Fi
2026-01-31 19:01:11,Wi-Fi
2026-01-31 19:02:03,Wi-Fi
2026-01-31 19:35:20,Wi-Fi
2026-02-01 02:01:48,4G
2026-02-01 10:38:20,5g
2026-02-01 10:44:51,5g
2026-02-01 10:57:07,5g
2026-02-01 11:18:00,5g
2026-02-01 11:18:12,5g
2026-02-01 12:55:36,3G
2026-02-01 12:59:39,3G
2026-02-01 13:07:40,3G
2026-02-01 13:12:02,4G
2026-02-01 13:45:53,4G
2026-02-01 13:46:52,4G
2026-02-01 13:48:23,4G
2026-02-01 13:50:46,4G
2026-02-01 15:28:17,4G
2026-02-01 15:47:35,4G
2026-02-01 17:08:21,4G
2026-02-01 17:11:50,4G
2026-02-01 20:18:34,4G
2026-02-02 01:15:41,Wi-Fi
2026-02-02 01:53:48,Wi-Fi
2026-02-02 11:54:25,Wi-Fi
2026-02-02 11:58:39,Wi-Fi
2026-02-02 12:03:23,Wi-Fi
2026-02-03 00:36:25,5g
2026-02-03 00:36:48,5g
2026-02-03 00:37:23,5g
2026-02-03 00:38:47,5g
2026-02-03 00:40:25,5g
2026-02-03 01:20:35,5g
2026-02-03 17:18:53,4G
2026-02-03 17:18:53,4G
2026-02-03 23:45:02,5g
2026-02-03 23:45:02,5g
2026-02-04 12:18:30,4G
2026-02-04 14:32:18,4G
2026-02-04 16:31:45,4G
2026-02-04 19:55:02,4G
2026-02-04 21:23:14,5g
2026-02-04 23:18:49,Wi-Fi
2026-02-05 09:59:20,Wi-Fi
2026-02-05 10:30:16,Wi-Fi
2026-02-05 15:34:09,4G
2026-02-05 15:42:26,4G
2026-02-05 19:29:40,4G
2026-02-06 13:20:00,4G
2026-02-06 13:20:33,4G
2026-02-06 13:21:49,4G
2026-02-06 14:54:51,4G
2026-02-06 15:02:02,4G
2026-02-06 15:06:54,4G
2026-02-06 15:13:13,4G
2026-02-06 15:23:04,4G
2026-02-06 15:25:51,4G
2026-02-06 15:31:18,4G
2026-02-06 19:19:51,4G
2026-02-06 19:30:10,4G
2026-02-06 23:04:07,4G
2026-02-06 23:21:31,4G
2026-02-06 23:59:04,4G
2026-02-07 01:08:29,4G
2026-02-07 20:13:00,4G
2026-02-07 20:19:31,4G
2026-02-07 22:36:25,4G
2026-02-07 22:38:32,4G
2026-02-08 13:44:55,4G
2026-02-08 13:49:08,4G
2026-02-08 13:57:19,4G
2026-02-08 14:06:20,4G
2026-02-08 14:19:20,4G
2026-02-08 14:20:46,4G
2026-02-08 14:23:43,4G
2026-02-08 14:32:07,4G
2026-02-08 14:32:07,4G
2026-02-08 14:32:08,4G
2026-02-08 15:10:14,4G
2026-02-08 15:10:47,4G
2026-02-08 15:50:21,4G
2026-02-08 16:13:18,4G
2026-02-10 19:50:32,4G
2026-02-10 19:50:55,4G
2026-02-10 19:50:55,4G
2026-02-10 19:51:17,4G
2026-02-10 19:52:19,4G
2026-02-10 21:29:06,4G
2026-02-10 21:29:06,4G
2026-02-10 23:31:34,4G
2026-02-11 00:26:16,4G
2026-02-11 00:29:12,4G
2026-02-11 00:32:32,4G
2026-02-11 07:10:49,4G
2026-02-11 11:41:48,Wi-Fi
2026-02-11 11:55:44,Wi-Fi
2026-02-11 18:18:45,Wi-Fi
2026-02-11 18:18:45,Wi-Fi
2026-02-11 21:20:07,Wi-Fi
2026-02-12 14:38:22,Wi-Fi
2026-02-12 14:54:51,Wi-Fi
2026-02-12 14:59:34,Wi-Fi
2026-02-12 16:05:33,Wi-Fi
2026-02-12 16:38:11,Wi-Fi
2026-02-12 18:00:26,Wi-Fi
2026-02-12 18:01:41,Wi-Fi
2026-02-12 19:30:19,Wi-Fi
2026-02-12 20:28:05,Wi-Fi
2026-02-13 00:50:17,Wi-Fi
2026-02-13 01:08:13,Wi-Fi
2026-02-13 08:24:12,4G
2026-02-13 09:00:31,4G
2026-02-13 10:44:01,5g
2026-02-13 10:48:48,4G
2026-02-13 10:48:49,4G
2026-02-13 14:39:05,Wi-Fi
2026-02-13 19:07:30,Wi-Fi
2026-02-13 19:34:46,Wi-Fi
2026-02-13 22:33:45,4G
2026-02-14 11:31:54,Wi-Fi
2026-02-14 21:52:13,Wi-Fi
2026-02-14 22:12:08,Wi-Fi
2026-02-14 23:25:16,Wi-Fi
2026-02-14 23:33:12,Wi-Fi
2026-02-15 01:06:06,Wi-Fi
2026-02-15 01:15:09,Wi-Fi
2026-02-15 07:20:13,Wi-Fi
2026-02-15 10:38:06,4G
2026-02-15 10:41:40,4G
2026-02-15 12:02:45,4G
2026-02-15 15:46:25,Wi-Fi
2026-02-15 15:46:54,Wi-Fi
2026-02-15 15:50:30,Wi-Fi
2026-02-15 15:50:31,Wi-Fi
2026-02-15 15:51:31,Wi-Fi
2026-02-15 15:52:15,Wi-Fi
2026-02-15 16:05:37,Wi-Fi
2026-02-15 16:08:01,Wi-Fi
2026-02-15 16:21:49,Wi-Fi
2026-02-15 16:29:21,Wi-Fi
2026-02-15 16:37:07,Wi-Fi
2026-02-15 17:15:14,Wi-Fi
2026-02-15 17:33:11,Wi-Fi
2026-02-15 20:10:01,Wi-Fi
2026-02-15 20:18:37,Wi-Fi
2026-02-15 20:20:44,Wi-Fi
2026-02-15 21:07:14,Wi-Fi
2026-02-15 21:07:14,Wi-Fi
2026-02-15 23:31:38,4G
2026-02-15 23:33:09,Wi-Fi
2026-02-16 12:15:18,Wi-Fi
2026-02-16 16:14:39,Wi-Fi
2026-02-16 19:21:52,Wi-Fi
2026-02-16 19:28:48,Wi-Fi
2026-02-16 19:28:58,Wi-Fi
2026-02-16 20:13:41,Wi-Fi
2026-02-16 22:22:09,Wi-Fi
2026-02-16 22:33:35,Wi-Fi
2026-02-16 22:38:51,Wi-Fi
2026-02-17 00:35:49,Wi-Fi
2026-02-17 01:27:11,Wi-Fi
2026-02-17 06:55:37,Wi-Fi
2026-02-17 07:01:28,Wi-Fi
2026-02-17 07:12:49,Wi-Fi
2026-02-17 08:59:42,Wi-Fi
2026-02-17 10:29:34,Wi-Fi
2026-02-17 12:08:47,Wi-Fi
2026-02-17 12:58:20,Wi-Fi
2026-02-17 19:28:55,Wi-Fi
2026-02-17 19:35:41,5g
2026-02-18 13:39:59,Wi-Fi
2026-02-18 13:45:16,Wi-Fi
2026-02-18 16:26:16,Wi-Fi
2026-02-18 17:44:58,Wi-Fi
2026-02-19 01:29:39,Wi-Fi
2026-02-19 01:31:58,Wi-Fi
2026-02-19 01:49:09,4G
2026-02-19 01:59:54,Wi-Fi
2026-02-19 06:15:17,Wi-Fi
2026-02-19 06:24:47,Wi-Fi
2026-02-19 06:59:58,Wi-Fi
2026-02-19 07:25:53,Wi-Fi
2026-02-19 07:46:22,Wi-Fi
2026-02-19 08:42:32,Wi-Fi
2026-02-19 09:25:42,5g
2026-02-19 10:13:05,5g
2026-02-19 11:41:36,5g
2026-02-19 12:42:37,Wi-Fi
2026-02-19 12:50:26,Wi-Fi
2026-02-19 13:11:27,Wi-Fi
2026-02-19 13:12:51,Wi-Fi
2026-02-19 13:13:46,Wi-Fi
2026-02-19 14:13:22,Wi-Fi
2026-02-19 17:24:36,4G
2026-02-19 17:32:45,4G
2026-02-19 17:33:51,5g
2026-02-19 17:37:09,5g
2026-02-19 17:39:14,Wi-Fi
2026-02-19 19:35:37,Wi-Fi
2026-02-19 20:29:31,4G
2026-02-19 20:37:54,Wi-Fi
2026-02-19 20:59:56,Wi-Fi
2026-02-20 00:25:51,Wi-Fi
2026-02-20 00:49:32,Wi-Fi
2026-02-20 06:19:00,Wi-Fi
2026-02-20 11:35:04,Wi-Fi
2026-02-20 12:54:43,Wi-Fi
2026-02-20 15:12:15,Wi-Fi
2026-02-20 15:43:32,4G
2026-02-20 16:13:16,Wi-Fi
2026-02-20 16:14:16,Wi-Fi
2026-02-20 17:09:03,Wi-Fi
2026-02-20 20:05:22,Wi-Fi
2026-02-20 20:42:58,Wi-Fi
2026-02-20 20:58:13,Wi-Fi
2026-02-20 22:10:43,Wi-Fi
2026-02-20 22:11:50,Wi-Fi
2026-02-20 22:11:57,Wi-Fi
2026-02-20 22:16:09,4G
2026-02-20 22:57:10,Wi-Fi
2026-02-20 23:08:52,Wi-Fi
2026-02-21 00:07:47,Wi-Fi
2026-02-21 00:09:18,Wi-Fi
2026-02-21 00:11:24,Wi-Fi
2026-02-21 00:12:26,Wi-Fi
2026-02-21 00:28:49,4G
2026-02-21 00:41:58,4G
2026-02-21 00:48:14,4G
2026-02-21 01:21:24,Wi-Fi
2026-02-21 01:54:50,Wi-Fi
2026-02-21 06:07:56,Wi-Fi
2026-02-21 13:35:59,Wi-Fi
2026-02-21 14:08:37,5g
2026-02-21 14:11:03,Wi-Fi
2026-02-21 14:12:20,Wi-Fi
2026-02-21 16:19:59,Wi-Fi
2026-02-21 16:47:22,Wi-Fi
2026-02-21 18:34:43,5g
2026-02-21 18:36:12,5g
2026-02-21 18:47:20,Wi-Fi
2026-02-21 18:48:55,Wi-Fi
2026-02-21 18:58:37,Wi-Fi
2026-02-21 20:21:27,4G
2026-02-21 20:34:25,Wi-Fi
2026-02-21 20:45:58,Wi-Fi
2026-02-21 20:47:08,Wi-Fi
2026-02-21 21:52:32,4G
2026-02-22 00:21:56,Wi-Fi
2026-02-22 01:13:21,Wi-Fi
2026-02-22 02:48:29,Wi-Fi
2026-02-22 14:35:04,Wi-Fi
2026-02-22 15:20:21,Wi-Fi
2026-02-22 20:05:24,Wi-Fi
2026-02-22 21:16:55,Wi-Fi
2026-02-22 22:27:56,Wi-Fi
2026-02-22 22:42:49,Wi-Fi
2026-02-22 22:43:00,Wi-Fi
2026-02-22 22:45:17,Wi-Fi
2026-02-23 00:53:14,Wi-Fi
2026-02-23 00:54:49,Wi-Fi
2026-02-23 00:58:25,Wi-Fi
2026-02-23 00:59:34,Wi-Fi
2026-02-23 01:01:45,Wi-Fi
2026-02-23 01:02:35,Wi-Fi
2026-02-23 01:02:48,Wi-Fi
2026-02-23 01:03:27,Wi-Fi
2026-02-23 01:04:17,Wi-Fi
2026-02-23 01:05:42,Wi-Fi
2026-02-23 01:06:12,Wi-Fi
2026-02-23 02:02:18,Wi-Fi
2026-02-23 06:54:48,Wi-Fi
2026-02-23 06:56:46,Wi-Fi
2026-02-23 12:21:02,Wi-Fi
2026-02-23 13:30:29,Wi-Fi
2026-02-23 17:55:37,Wi-Fi
2026-02-23 18:53:25,Wi-Fi
2026-02-23 18:53:39,Wi-Fi
2026-02-23 19:38:50,Wi-Fi
2026-02-23 20:11:26,Wi-Fi
2026-02-23 23:23:50,Wi-Fi
2026-02-23 23:25:13,Wi-Fi
2026-02-24 00:05:14,Wi-Fi
2026-02-24 00:19:37,Wi-Fi
2026-02-24 00:19:51,Wi-Fi
2026-02-24 00:20:45,Wi-Fi
2026-02-24 11:58:16,5g
2026-02-24 11:59:52,5g
2026-02-24 12:00:11,5g
2026-02-24 12:04:29,4G
2026-02-24 12:07:18,4G
2026-02-24 12:10:12,4G
2026-02-24 14:28:28,Wi-Fi
2026-02-24 14:29:19,Wi-Fi
2026-02-24 14:30:00,Wi-Fi
2026-02-24 17:20:30,Wi-Fi
2026-02-24 17:32:07,Wi-Fi
2026-02-24 20:01:49,Wi-Fi
2026-02-24 20:01:49,Wi-Fi
2026-02-24 20:05:53,Wi-Fi
2026-02-24 20:07:04,Wi-Fi
2026-02-24 20:08:59,Wi-Fi
2026-02-24 21:58:19,Wi-Fi
2026-02-24 22:58:45,Wi-Fi
2026-02-25 00:01:48,Wi-Fi
2026-02-25 00:06:34,Wi-Fi
2026-02-25 00:26:21,Wi-Fi
2026-02-25 01:46:12,4G
2026-02-25 01:48:33,4G
2026-02-25 01:48:43,4G
2026-02-25 02:26:23,5g
2026-02-25 02:36:39,5g
2026-02-25 07:01:33,Wi-Fi
2026-02-25 11:08:17,Wi-Fi
2026-02-25 11:21:11,5g
2026-02-25 11:27:24,4G
2026-02-25 13:51:37,5g
2026-02-25 14:22:42,Wi-Fi
2026-02-25 20:14:46,Wi-Fi
2026-02-25 20:30:12,Wi-Fi
2026-02-25 20:41:34,Wi-Fi
2026-02-25 20:44:07,Wi-Fi
2026-02-25 21:30:46,Wi-Fi
2026-02-25 21:34:58,Wi-Fi
2026-02-25 21:38:05,Wi-Fi
2026-02-25 21:56:35,Wi-Fi
2026-02-25 21:59:26,Wi-Fi
2026-02-25 22:23:29,Wi-Fi
2026-02-25 22:30:56,Wi-Fi
2026-02-25 23:42:30,Wi-Fi
2026-02-25 23:45:16,Wi-Fi
2026-02-25 23:56:08,Wi-Fi
2026-02-26 01:05:32,Wi-Fi
2026-02-26 03:12:55,4G
2026-02-26 03:17:19,4G
2026-02-26 04:10:40,Wi-Fi
2026-02-26 04:22:14,Wi-Fi
2026-02-26 04:22:15,Wi-Fi
2026-02-26 05:57:56,Wi-Fi
2026-02-26 09:38:57,4G
2026-02-26 10:36:18,Wi-Fi
2026-02-26 10:46:43,Wi-Fi
2026-02-26 14:19:07,Wi-Fi
2026-02-26 16:47:04,Wi-Fi
2026-02-26 18:16:26,Wi-Fi
2026-02-26 21:38:59,Wi-Fi
2026-02-26 21:45:58,Wi-Fi
2026-02-26 21:45:58,Wi-Fi
2026-02-26 21:51:57,Wi-Fi
2026-02-26 21:53:47,Wi-Fi
2026-02-26 22:31:58,Wi-Fi
2026-02-26 22:55:37,Wi-Fi
2026-02-26 23:03:00,Wi-Fi
2026-02-26 23:26:51,Wi-Fi
2026-02-26 23:28:44,Wi-Fi
2026-02-26 23:54:13,Wi-Fi
2026-02-27 00:14:25,Wi-Fi
2026-02-27 00:17:20,Wi-Fi
2026-02-27 00:22:14,Wi-Fi
2026-02-27 00:22:36,Wi-Fi
2026-02-27 00:23:12,Wi-Fi
2026-02-27 00:25:24,Wi-Fi
2026-02-27 00:37:32,Wi-Fi
2026-02-27 00:42:15,Wi-Fi
2026-02-27 01:03:12,Wi-Fi
2026-02-27 01:04:21,Wi-Fi
2026-02-27 01:07:21,Wi-Fi
2026-02-27 01:52:03,Wi-Fi
2026-02-27 02:40:27,Wi-Fi
2026-02-27 05:39:11,Wi-Fi
2026-02-27 05:56:53,Wi-Fi
2026-02-27 06:02:51,Wi-Fi
2026-02-27 11:47:39,Wi-Fi
2026-02-27 11:52:00,Wi-Fi
2026-02-27 12:31:08,Wi-Fi
2026-02-27 13:11:02,Wi-Fi
2026-02-27 13:15:27,Wi-Fi
2026-02-27 14:28:03,Wi-Fi
2026-02-27 14:40:26,Wi-Fi
2026-02-27 14:49:25,Wi-Fi
2026-02-27 14:53:29,Wi-Fi
2026-02-27 14:56:42,Wi-Fi
2026-02-27 14:59:54,Wi-Fi
2026-02-27 15:32:49,Wi-Fi
2026-02-27 16:03:08,Wi-Fi
2026-02-27 17:08:41,Wi-Fi
2026-02-27 17:20:06,Wi-Fi
2026-02-27 17:20:13,Wi-Fi
2026-02-27 20:03:41,Wi-Fi
2026-02-27 20:16:51,Wi-Fi
2026-02-27 20:25:43,Wi-Fi
2026-02-27 21:11:32,Wi-Fi
2026-02-27 22:00:04,Wi-Fi
2026-02-27 22:05:23,Wi-Fi
2026-02-27 22:18:03,Wi-Fi
2026-02-27 22:31:47,Wi-Fi
2026-02-27 22:34:20,Wi-Fi
2026-02-27 22:35:27,5g
2026-02-27 22:43:19,5g
2026-02-27 22:53:02,Wi-Fi
2026-02-27 22:59:10,Wi-Fi
2026-02-27 23:14:33,Wi-Fi
2026-02-27 23:17:00,Wi-Fi
2026-02-28 00:42:03,Wi-Fi
2026-02-28 01:33:22,Wi-Fi
2026-02-28 02:23:22,Wi-Fi
2026-02-28 06:19:13,Wi-Fi
2026-02-28 07:02:19,Wi-Fi
2026-02-28 12:12:59,4G
2026-02-28 13:06:51,4G
2026-02-28 13:10:24,4G
2026-02-28 13:18:05,4G
2026-02-28 13:28:13,4G
2026-02-28 13:35:08,4G
2026-02-28 13:37:46,5g
2026-02-28 14:45:10,5g
2026-02-28 14:50:00,4G
2026-02-28 14:51:53,4G
2026-02-28 14:51:53,4G
2026-02-28 14:54:13,4G
2026-02-28 14:58:32,4G
2026-02-28 15:00:04,5g
2026-02-28 15:03:58,Wi-Fi
2026-02-28 15:41:59,Wi-Fi
2026-02-28 15:48:53,Wi-Fi
2026-02-28 19:01:10,Wi-Fi
2026-02-28 19:06:37,Wi-Fi
2026-02-28 19:35:36,Wi-Fi
2026-02-28 19:37:26,Wi-Fi
2026-02-28 19:45:23,Wi-Fi
2026-02-28 19:55:05,Wi-Fi
2026-02-28 20:14:48,Wi-Fi
2026-02-28 20:35:42,4G
2026-02-28 20:37:37,4G
2026-02-28 20:37:49,4G
2026-02-28 20:42:04,Wi-Fi
2026-02-28 20:46:45,Wi-Fi
2026-02-28 20:47:08,Wi-Fi
2026-02-28 21:13:06,Wi-Fi
2026-02-28 21:15:02,Wi-Fi
2026-02-28 21:15:10,Wi-Fi
2026-02-28 21:37:54,Wi-Fi
2026-02-28 21:42:53,Wi-Fi
2026-02-28 22:42:06,Wi-Fi
2026-02-28 22:47:29,Wi-Fi
2026-02-28 22:49:21,Wi-Fi
2026-02-28 22:51:48,Wi-Fi
2026-02-28 22:53:27,Wi-Fi
2026-02-28 23:07:41,Wi-Fi
2026-02-28 23:13:59,5g
2026-02-28 23:14:42,5g
2026-02-28 23:19:08,5g
2026-02-28 23:32:14,5g
2026-02-28 23:52:53,Wi-Fi
2026-02-28 23:56:23,Wi-Fi
2026-02-28 23:58:07,Wi-Fi
2026-03-01 00:00:12,Wi-Fi
2026-03-01 00:31:33,Wi-Fi
2026-03-01 00:34:19,Wi-Fi
2026-03-01 00:45:08,Wi-Fi
2026-03-01 01:27:11,Wi-Fi
2026-03-01 02:33:27,Wi-Fi
2026-03-01 02:39:08,Wi-Fi
2026-03-01 06:03:32,4G
2026-03-01 06:17:02,Wi-Fi
2026-03-01 08:05:08,Wi-Fi
2026-03-01 14:41:41,5g
2026-03-01 14:43:31,5g
2026-03-01 14:55:50,5g
2026-03-01 15:00:45,4G
2026-03-01 15:02:54,4G
2026-03-01 16:42:41,Wi-Fi
2026-03-01 17:10:58,Wi-Fi
2026-03-01 17:52:13,Wi-Fi
2026-03-01 19:10:06,Wi-Fi
2026-03-01 19:10:56,Wi-Fi
2026-03-01 19:12:04,Wi-Fi
2026-03-01 19:22:33,Wi-Fi
2026-03-01 19:23:02,Wi-Fi
2026-03-01 19:37:38,Wi-Fi
2026-03-01 19:38:27,Wi-Fi
2026-03-01 19:56:42,4G
2026-03-01 20:03:33,4G
2026-03-01 20:06:54,5g
2026-03-01 20:13:26,4G
2026-03-01 20:15:39,4G
2026-03-01 21:41:40,Wi-Fi
2026-03-01 22:01:28,Wi-Fi
2026-03-01 22:07:16,Wi-Fi
2026-03-01 22:08:17,Wi-Fi
2026-03-01 22:12:58,Wi-Fi
2026-03-02 00:55:50,Wi-Fi
2026-03-02 01:27:18,Wi-Fi
2026-03-02 01:39:40,Wi-Fi
2026-03-02 01:41:44,Wi-Fi
2026-03-02 01:42:21,Wi-Fi
2026-03-02 02:04:13,Wi-Fi
2026-03-02 02:46:59,Wi-Fi
2026-03-02 02:47:18,Wi-Fi
2026-03-02 02:48:41,Wi-Fi
2026-03-02 02:49:41,Wi-Fi
2026-03-02 02:50:45,Wi-Fi
2026-03-02 06:03:08,Wi-Fi
2026-03-02 06:07:20,Wi-Fi
2026-03-02 06:08:59,Wi-Fi
2026-03-02 06:11:52,Wi-Fi
2026-03-02 12:26:38,Wi-Fi
2026-03-02 12:39:08,Wi-Fi
2026-03-02 12:41:57,Wi-Fi
2026-03-02 12:41:58,Wi-Fi
2026-03-02 12:44:17,Wi-Fi
2026-03-02 13:06:34,Wi-Fi
2026-03-02 13:11:47,Wi-Fi
2026-03-02 13:49:21,Wi-Fi
2026-03-02 14:18:51,Wi-Fi
2026-03-02 15:00:54,Wi-Fi
2026-03-02 16:00:39,Wi-Fi
2026-03-02 17:57:30,Wi-Fi
2026-03-02 18:29:27,Wi-Fi
2026-03-02 19:33:17,4G
2026-03-02 19:45:36,Wi-Fi
2026-03-02 20:03:26,Wi-Fi
2026-03-02 20:34:36,Wi-Fi
2026-03-02 20:51:46,4G
2026-03-02 20:54:14,Wi-Fi
2026-03-02 21:07:48,Wi-Fi
2026-03-02 21:07:52,Wi-Fi
2026-03-02 21:08:50,Wi-Fi
2026-03-02 21:10:01,Wi-Fi
2026-03-02 21:36:28,4G
2026-03-02 21:36:57,Wi-Fi
2026-03-02 21:59:39,5g
2026-03-02 22:17:31,Wi-Fi
2026-03-02 23:47:58,Wi-Fi
2026-03-02 23:52:14,Wi-Fi
2026-03-02 23:55:44,Wi-Fi
2026-03-02 23:55:47,Wi-Fi
2026-03-03 02:21:19,Wi-Fi
2026-03-03 03:58:53,Wi-Fi
2026-03-03 06:37:10,Wi-Fi
2026-03-03 11:54:21,Wi-Fi
2026-03-03 12:15:19,Wi-Fi
2026-03-03 12:23:56,Wi-Fi
2026-03-03 12:28:49,Wi-Fi
2026-03-03 12:29:22,Wi-Fi
2026-03-03 12:35:22,Wi-Fi
2026-03-03 12:35:23,Wi-Fi
2026-03-03 12:35:41,Wi-Fi
2026-03-03 12:39:15,Wi-Fi
2026-03-03 12:42:34,Wi-Fi
2026-03-03 13:46:29,Wi-Fi
2026-03-03 14:17:05,Wi-Fi
2026-03-03 14:17:05,Wi-Fi
2026-03-03 14:19:02,Wi-Fi
2026-03-03 14:20:59,Wi-Fi
2026-03-03 14:22:03,Wi-Fi
2026-03-03 14:50:42,Wi-Fi
2026-03-03 16:09:41,Wi-Fi
2026-03-03 16:14:46,Wi-Fi
2026-03-03 16:14:48,Wi-Fi
2026-03-03 16:15:09,Wi-Fi
2026-03-03 17:28:10,Wi-Fi
2026-03-03 19:32:30,Wi-Fi
2026-03-03 19:36:22,Wi-Fi
2026-03-03 19:37:05,Wi-Fi
2026-03-03 22:09:59,Wi-Fi
2026-03-03 22:26:48,Wi-Fi
2026-03-03 23:28:44,Wi-Fi
2026-03-03 23:30:40,Wi-Fi
2026-03-03 23:31:43,Wi-Fi
2026-03-03 23:50:28,4G
2026-03-03 23:55:19,Wi-Fi
2026-03-04 00:18:54,Wi-Fi
2026-03-04 00:48:52,4G
2026-03-04 01:12:35,5g
2026-03-04 01:35:11,Wi-Fi
2026-03-04 07:10:43,Wi-Fi
2026-03-04 11:31:45,5g
2026-03-04 11:32:08,5g
2026-03-04 11:33:17,5g
2026-03-04 12:23:06,5g
2026-03-04 12:25:19,5g
2026-03-04 13:51:07,5g
2026-03-04 13:53:23,5g
2026-03-04 14:38:31,Wi-Fi
2026-03-04 14:51:05,Wi-Fi
2026-03-04 16:13:42,Wi-Fi
2026-03-04 19:14:58,4G
2026-03-04 19:17:38,4G
2026-03-04 19:18:25,4G
2026-03-04 20:50:17,5g
2026-03-04 21:16:52,Wi-Fi
2026-03-04 22:57:59,Wi-Fi
2026-03-05 00:16:59,Wi-Fi
2026-03-05 00:34:11,Wi-Fi
2026-03-05 01:17:14,Wi-Fi
2026-03-05 01:21:07,Wi-Fi
2026-03-05 01:24:21,Wi-Fi
2026-03-05 06:12:16,Wi-Fi
2026-03-05 06:40:50,Wi-Fi
2026-03-05 12:46:13,Wi-Fi
2026-03-05 13:41:31,Wi-Fi
2026-03-05 14:36:27,Wi-Fi
2026-03-05 14:46:36,Wi-Fi
2026-03-05 16:03:56,Wi-Fi
2026-03-05 18:48:58,Wi-Fi
2026-03-05 19:57:03,Wi-Fi
2026-03-05 22:09:09,Wi-Fi
2026-03-05 22:13:06,Wi-Fi
2026-03-05 22:14:44,Wi-Fi
2026-03-05 22:45:42,5g
2026-03-06 00:17:52,Wi-Fi
2026-03-06 02:13:39,Wi-Fi
2026-03-06 06:44:14,4G
2026-03-06 08:52:41,4G
2026-03-06 10:39:37,4G
2026-03-06 10:52:15,5g
2026-03-06 11:16:28,Wi-Fi
2026-03-06 16:06:59,Wi-Fi
2026-03-06 17:31:57,Wi-Fi
2026-03-06 17:32:32,Wi-Fi
2026-03-06 17:54:49,Wi-Fi
2026-03-06 17:59:21,Wi-Fi
2026-03-06 18:02:19,Wi-Fi
2026-03-06 19:47:31,Wi-Fi
2026-03-06 19:51:01,Wi-Fi
2026-03-06 22:54:18,Wi-Fi
2026-03-06 22:55:05,Wi-Fi
2026-03-06 22:56:17,Wi-Fi
2026-03-07 00:10:07,Wi-Fi
2026-03-07 00:11:29,Wi-Fi
2026-03-07 00:13:32,Wi-Fi
2026-03-07 00:16:59,Wi-Fi
2026-03-07 01:12:59,Wi-Fi
2026-03-07 02:42:42,5g
2026-03-07 06:50:02,Wi-Fi
2026-03-07 12:18:52,Wi-Fi
2026-03-07 14:23:06,Wi-Fi
2026-03-08 00:49:46,4G
2026-03-08 00:58:12,Wi-Fi
2026-03-08 00:59:22,Wi-Fi
2026-03-08 01:01:04,Wi-Fi
2026-03-08 01:03:40,Wi-Fi
2026-03-08 01:05:58,Wi-Fi
2026-03-08 02:23:35,Wi-Fi
2026-03-08 06:11:16,Wi-Fi
2026-03-08 16:41:05,5g
2026-03-08 16:41:16,5g
2026-03-08 16:44:33,5g
2026-03-08 16:48:49,5g
2026-03-08 19:40:04,Wi-Fi
2026-03-08 19:46:06,Wi-Fi
2026-03-08 19:55:18,Wi-Fi
2026-03-08 19:56:43,Wi-Fi
2026-03-08 20:07:36,4G
2026-03-08 20:12:07,5g
2026-03-08 20:42:21,Wi-Fi
2026-03-08 20:44:35,Wi-Fi
2026-03-08 20:45:25,Wi-Fi
2026-03-08 21:00:58,Wi-Fi
2026-03-08 21:29:19,Wi-Fi
2026-03-08 22:36:52,Wi-Fi
2026-03-08 23:43:04,Wi-Fi
2026-03-08 23:51:06,Wi-Fi
2026-03-09 00:03:51,Wi-Fi
2026-03-09 01:23:33,Wi-Fi
2026-03-09 01:24:00,Wi-Fi
2026-03-09 01:57:44,Wi-Fi
2026-03-09 03:12:01,Wi-Fi
2026-03-09 03:16:00,Wi-Fi
2026-03-09 03:16:51,Wi-Fi
2026-03-09 03:18:31,Wi-Fi
2026-03-09 03:32:38,Wi-Fi
2026-03-09 05:59:32,Wi-Fi
2026-03-09 11:16:43,5g
2026-03-09 11:23:26,5g
2026-03-09 11:36:16,5g
2026-03-09 12:13:20,5g
2026-03-09 12:13:40,5g
2026-03-09 15:44:43,Wi-Fi
2026-03-09 15:47:57,Wi-Fi
2026-03-09 15:57:32,Wi-Fi
2026-03-09 17:15:43,Wi-Fi
2026-03-09 20:42:57,Wi-Fi
2026-03-09 21:00:27,Wi-Fi
2026-03-09 21:34:07,4G
2026-03-09 21:54:40,Wi-Fi
2026-03-09 22:03:12,Wi-Fi
2026-03-09 22:15:28,Wi-Fi
2026-03-09 22:25:04,Wi-Fi
2026-03-09 22:29:08,Wi-Fi
2026-03-09 22:52:40,4G
2026-03-09 22:54:38,Wi-Fi
2026-03-09 23:51:45,Wi-Fi
2026-03-09 23:51:45,Wi-Fi
2026-03-10 00:05:02,Wi-Fi
2026-03-10 00:19:17,Wi-Fi
2026-03-10 00:28:43,Wi-Fi
2026-03-10 00:31:07,Wi-Fi
2026-03-10 00:39:13,Wi-Fi
2026-03-10 00:57:25,4G
2026-03-10 01:17:10,4G
2026-03-10 01:44:40,5g
2026-03-10 02:05:55,Wi-Fi
2026-03-10 06:16:35,Wi-Fi
2026-03-10 06:39:58,Wi-Fi
2026-03-10 06:55:40,Wi-Fi
2026-03-10 12:40:41,Wi-Fi
2026-03-10 13:48:21,Wi-Fi
2026-03-10 14:28:57,Wi-Fi
2026-03-10 14:40:07,Wi-Fi
2026-03-10 14:50:59,Wi-Fi
2026-03-10 15:02:39,Wi-Fi
2026-03-10 17:14:59,Wi-Fi
2026-03-10 17:54:23,4G
2026-03-10 17:59:21,4G
2026-03-10 18:36:53,5g
2026-03-10 20:11:17,Wi-Fi
2026-03-10 20:14:25,Wi-Fi
2026-03-10 20:19:56,Wi-Fi
2026-03-10 20:41:57,Wi-Fi
2026-03-10 20:51:15,Wi-Fi
2026-03-10 20:51:17,Wi-Fi
2026-03-10 20:51:17,Wi-Fi
2026-03-10 20:51:49,Wi-Fi
2026-03-10 20:59:18,Wi-Fi
2026-03-10 21:02:21,Wi-Fi
2026-03-10 22:00:03,5g
2026-03-10 22:15:52,4G
2026-03-10 23:09:06,4G
2026-03-10 23:10:01,Wi-Fi
2026-03-10 23:10:21,Wi-Fi
2026-03-10 23:15:41,4G
2026-03-10 23:36:10,Wi-Fi
2026-03-10 23:40:19,Wi-Fi
2026-03-10 23:41:11,Wi-Fi
2026-03-10 23:43:45,Wi-Fi
2026-03-11 00:13:38,Wi-Fi
2026-03-11 01:30:53,Wi-Fi
2026-03-11 01:34:18,Wi-Fi
2026-03-11 01:34:51,Wi-Fi
2026-03-11 06:20:19,Wi-Fi
2026-03-11 06:45:04,Wi-Fi
2026-03-11 11:57:44,Wi-Fi
2026-03-11 12:13:17,Wi-Fi
2026-03-11 12:53:33,Wi-Fi
2026-03-11 13:36:13,Wi-Fi
2026-03-11 14:56:19,Wi-Fi
2026-03-11 15:27:55,Wi-Fi
2026-03-11 15:44:58,Wi-Fi
2026-03-11 16:05:54,Wi-Fi
2026-03-11 18:01:42,Wi-Fi
2026-03-11 19:00:07,Wi-Fi
2026-03-11 21:22:41,Wi-Fi
2026-03-11 21:23:16,Wi-Fi
2026-03-11 22:32:41,Wi-Fi
2026-03-11 22:35:23,Wi-Fi
2026-03-11 23:49:00,4G
2026-03-11 23:50:02,4G
2026-03-12 00:35:55,5g
2026-03-12 01:13:02,Wi-Fi
2026-03-12 01:16:54,Wi-Fi
2026-03-12 01:35:36,Wi-Fi
2026-03-12 01:37:57,Wi-Fi
2026-03-12 06:12:21,Wi-Fi
2026-03-12 06:13:43,Wi-Fi
2026-03-12 06:13:44,Wi-Fi
2026-03-12 06:14:09,Wi-Fi
2026-03-12 12:01:11,5g
2026-03-12 12:53:22,4G
2026-03-12 14:25:14,4G
2026-03-12 20:11:54,Wi-Fi
2026-03-12 20:58:54,Wi-Fi
2026-03-12 20:59:50,Wi-Fi
2026-03-12 22:12:25,Wi-Fi
2026-03-12 22:44:37,Wi-Fi
2026-03-12 22:45:30,Wi-Fi
2026-03-12 22:57:44,Wi-Fi
2026-03-12 22:57:44,Wi-Fi
2026-03-12 23:00:19,Wi-Fi
2026-03-12 23:02:15,Wi-Fi
2026-03-12 23:05:59,5g
2026-03-13 00:17:35,Wi-Fi
2026-03-13 01:02:54,Wi-Fi
2026-03-13 01:51:41,4G
2026-03-13 01:52:16,Wi-Fi
2026-03-13 02:16:12,4G
2026-03-13 06:46:54,Wi-Fi
2026-03-13 13:02:01,Wi-Fi
2026-03-13 14:36:48,Wi-Fi
2026-03-13 15:24:28,Wi-Fi
2026-03-13 15:37:41,Wi-Fi
2026-03-13 17:21:58,Wi-Fi
2026-03-13 17:38:28,Wi-Fi
2026-03-13 20:45:55,Wi-Fi
2026-03-13 22:12:40,4G
2026-03-13 22:22:58,Wi-Fi
2026-03-13 22:29:51,Wi-Fi
2026-03-13 22:45:45,4G
2026-03-13 22:48:56,Wi-Fi
2026-03-13 22:59:36,Wi-Fi
2026-03-13 23:08:01,Wi-Fi
2026-03-13 23:10:25,Wi-Fi
2026-03-13 23:37:29,Wi-Fi
2026-03-13 23:39:05,Wi-Fi
2026-03-14 01:06:20,Wi-Fi
2026-03-14 01:14:57,Wi-Fi
2026-03-14 01:17:09,Wi-Fi
2026-03-14 01:17:10,Wi-Fi
2026-03-14 03:43:13,Wi-Fi
2026-03-14 03:52:37,Wi-Fi
2026-03-14 03:54:53,Wi-Fi
2026-03-14 03:55:47,Wi-Fi
2026-03-14 04:01:29,Wi-Fi
2026-03-14 04:03:25,Wi-Fi
2026-03-14 12:49:51,Wi-Fi
2026-03-14 12:58:07,Wi-Fi
2026-03-14 13:32:17,Wi-Fi
2026-03-14 14:09:44,Wi-Fi
2026-03-14 14:40:39,Wi-Fi
2026-03-14 14:44:19,Wi-Fi
2026-03-14 16:06:56,Wi-Fi
2026-03-14 16:17:09,Wi-Fi
2026-03-14 17:19:49,Wi-Fi
2026-03-14 20:10:29,Wi-Fi
2026-03-14 20:20:13,
2026-03-14 20:21:44,Wi-Fi
2026-03-14 21:50:15,4G
2026-03-14 22:07:27,5g
2026-03-14 22:28:46,Wi-Fi
2026-03-14 22:54:20,Wi-Fi
2026-03-14 23:14:10,5g
2026-03-14 23:17:36,Wi-Fi
2026-03-15 00:34:12,5g
2026-03-15 00:38:45,Wi-Fi
2026-03-15 13:31:24,Wi-Fi
2026-03-15 13:31:53,Wi-Fi
2026-03-15 13:49:45,Wi-Fi
2026-03-15 14:13:42,Wi-Fi
2026-03-15 14:48:10,Wi-Fi
2026-03-15 14:54:20,Wi-Fi
2026-03-15 14:55:34,Wi-Fi
2026-03-15 15:45:59,Wi-Fi
2026-03-15 18:22:54,Wi-Fi
2026-03-15 19:35:16,Wi-Fi
2026-03-15 19:38:24,Wi-Fi
2026-03-15 19:42:43,Wi-Fi
2026-03-16 00:07:26,Wi-Fi
2026-03-16 00:09:50,Wi-Fi
2026-03-16 01:20:29,Wi-Fi
2026-03-16 02:00:39,Wi-Fi
2026-03-16 02:02:22,Wi-Fi
2026-03-16 06:24:00,Wi-Fi
2026-03-16 09:45:58,5g
2026-03-16 12:37:19,Wi-Fi
2026-03-16 13:38:19,Wi-Fi
2026-03-16 18:38:59,Wi-Fi
2026-03-17 01:25:32,Wi-Fi
2026-03-17 14:20:48,Wi-Fi
2026-03-17 14:52:24,Wi-Fi
2026-03-17 15:51:47,Wi-Fi
2026-03-17 15:52:38,Wi-Fi
2026-03-17 16:00:00,Wi-Fi
2026-03-17 16:12:10,Wi-Fi
2026-03-17 20:15:31,Wi-Fi
2026-03-17 20:17:59,Wi-Fi
2026-03-17 21:01:35,4G
2026-03-17 21:09:14,Wi-Fi
2026-03-17 21:38:29,Wi-Fi
2026-03-18 03:01:03,Wi-Fi
2026-03-18 03:25:37,Wi-Fi
2026-03-18 04:06:16,Wi-Fi
2026-03-18 12:56:27,Wi-Fi
2026-03-18 14:34:18,Wi-Fi
2026-03-18 14:37:55,Wi-Fi
2026-03-18 14:39:05,Wi-Fi
2026-03-18 14:51:00,Wi-Fi
2026-03-18 14:56:59,Wi-Fi
2026-03-18 14:58:21,Wi-Fi
2026-03-18 15:11:00,Wi-Fi
2026-03-18 15:20:39,Wi-Fi
2026-03-18 17:39:13,Wi-Fi
2026-03-18 22:06:19,5g
2026-03-18 22:19:00,Wi-Fi
2026-03-18 23:35:58,Wi-Fi
2026-03-18 23:36:57,Wi-Fi
2026-03-18 23:37:00,Wi-Fi
2026-03-18 23:37:00,Wi-Fi
2026-03-18 23:37:23,Wi-Fi
2026-03-18 23:44:21,Wi-Fi
2026-03-19 01:45:55,Wi-Fi
2026-03-19 01:56:48,Wi-Fi
2026-03-19 02:22:16,Wi-Fi
2026-03-19 02:38:32,Wi-Fi
2026-03-19 06:11:38,Wi-Fi
2026-03-19 06:13:31,Wi-Fi
2026-03-19 06:24:14,Wi-Fi
2026-03-19 06:26:09,Wi-Fi
2026-03-19 06:27:00,Wi-Fi
2026-03-19 21:42:30,Wi-Fi
2026-03-19 22:04:53,Wi-Fi
2026-03-19 23:57:16,Wi-Fi
2026-03-19 23:59:27,Wi-Fi
2026-03-20 17:22:34,Wi-Fi
2026-03-20 20:45:44,Wi-Fi
2026-03-20 21:09:37,Wi-Fi
2026-03-20 21:19:42,Wi-Fi
2026-03-20 21:28:54,Wi-Fi
2026-03-20 21:37:16,Wi-Fi
2026-03-20 21:40:28,Wi-Fi
2026-03-20 21:43:41,Wi-Fi
2026-03-20 21:54:00,5g
2026-03-20 21:58:51,Wi-Fi
2026-03-20 22:15:34,Wi-Fi
2026-03-20 23:02:04,Wi-Fi
2026-03-21 00:33:13,Wi-Fi
2026-03-21 01:22:36,Wi-Fi
2026-03-21 02:00:19,Wi-Fi
2026-03-21 06:03:23,Wi-Fi
2026-03-21 06:32:12,Wi-Fi
2026-03-21 12:17:11,Wi-Fi
2026-03-21 12:23:37,Wi-Fi
2026-03-21 13:57:31,Wi-Fi
2026-03-21 14:00:18,Wi-Fi
2026-03-21 16:15:35,Wi-Fi
2026-03-21 16:15:35,Wi-Fi
2026-03-21 16:27:37,Wi-Fi
2026-03-21 16:29:20,Wi-Fi
2026-03-21 16:30:22,Wi-Fi
2026-03-21 16:32:52,Wi-Fi
2026-03-21 16:34:13,Wi-Fi
2026-03-21 22:03:44,Wi-Fi
2026-03-21 22:03:44,Wi-Fi
2026-03-21 22:03:44,Wi-Fi
2026-03-21 22:35:46,Wi-Fi
2026-03-21 22:39:06,Wi-Fi
2026-03-22 00:10:57,Wi-Fi
2026-03-22 00:45:03,Wi-Fi
2026-03-22 01:00:11,Wi-Fi
2026-03-22 02:05:42,Wi-Fi
2026-03-22 06:38:52,Wi-Fi
2026-03-22 12:32:49,Wi-Fi
2026-03-22 12:35:58,Wi-Fi
2026-03-22 12:46:11,Wi-Fi
2026-03-22 12:50:44,Wi-Fi
2026-03-22 13:42:33,Wi-Fi
2026-03-22 15:15:03,Wi-Fi
2026-03-22 17:51:37,Wi-Fi
2026-03-22 17:53:00,Wi-Fi
2026-03-22 17:53:45,Wi-Fi
2026-03-22 19:13:05,Wi-Fi
2026-03-22 19:14:03,Wi-Fi
2026-03-22 19:17:08,Wi-Fi
2026-03-22 19:20:17,Wi-Fi
2026-03-22 19:22:26,Wi-Fi
2026-03-22 20:29:11,4G
2026-03-22 22:27:07,Wi-Fi
2026-03-22 23:19:41,Wi-Fi
2026-03-22 23:38:12,Wi-Fi
2026-03-23 01:09:03,Wi-Fi
2026-03-23 01:23:58,Wi-Fi
2026-03-23 01:28:49,Wi-Fi
2026-03-23 01:29:45,Wi-Fi
2026-03-23 01:46:26,Wi-Fi
2026-03-23 06:41:30,4G
2026-03-23 11:49:48,Wi-Fi
2026-03-23 13:20:16,Wi-Fi
2026-03-23 14:54:12,Wi-Fi
2026-03-23 14:57:47,Wi-Fi
2026-03-23 15:04:13,Wi-Fi
2026-03-23 15:33:37,Wi-Fi
2026-03-23 15:49:49,Wi-Fi
2026-03-23 17:53:11,Wi-Fi
2026-03-23 18:21:55,Wi-Fi
2026-03-23 18:22:22,Wi-Fi
2026-03-23 18:35:56,Wi-Fi
2026-03-23 18:53:58,Wi-Fi
2026-03-23 19:18:17,Wi-Fi
2026-03-23 19:20:33,Wi-Fi
2026-03-23 19:20:56,Wi-Fi
2026-03-23 19:46:58,Wi-Fi
2026-03-23 20:12:53,Wi-Fi
2026-03-23 20:24:16,Wi-Fi
2026-03-23 21:13:52,Wi-Fi
2026-03-23 21:53:01,Wi-Fi
2026-03-23 22:18:15,Wi-Fi
2026-03-23 22:19:24,Wi-Fi
2026-03-23 22:32:54,Wi-Fi
2026-03-23 22:45:14,4G
2026-03-23 23:26:31,Wi-Fi
2026-03-23 23:28:26,Wi-Fi
2026-03-23 23:30:32,Wi-Fi
2026-03-24 00:23:16,Wi-Fi
2026-03-24 00:36:03,Wi-Fi
2026-03-24 00:58:02,Wi-Fi
2026-03-24 01:58:48,Wi-Fi
2026-03-24 09:10:03,Wi-Fi
2026-03-24 10:08:28,Wi-Fi
2026-03-24 10:24:45,Wi-Fi
2026-03-24 11:25:36,Wi-Fi
2026-03-24 13:02:44,5g
2026-03-24 13:52:44,Wi-Fi
2026-03-24 14:18:25,4G
2026-03-24 14:35:09,Wi-Fi
2026-03-24 16:12:31,Wi-Fi
2026-03-24 16:15:38,Wi-Fi
2026-03-24 16:16:39,Wi-Fi
2026-03-24 16:18:51,Wi-Fi
2026-03-24 16:20:05,Wi-Fi
2026-03-24 16:20:15,Wi-Fi
2026-03-24 16:22:00,5g
2026-03-24 16:26:34,5g
2026-03-24 16:34:01,5g
2026-03-24 16:39:44,4G
2026-03-24 17:25:49,4G
2026-03-24 17:28:19,4G
2026-03-24 17:29:29,5g
2026-03-24 17:33:33,5g
2026-03-24 17:36:09,5g
2026-03-24 17:59:44,4G
2026-03-24 19:12:36,4G
2026-03-24 19:19:54,5g
2026-03-24 19:21:29,4G
2026-03-24 19:31:49,5g
2026-03-24 19:47:25,5g
2026-03-24 19:57:07,Wi-Fi
2026-03-24 20:22:00,Wi-Fi
2026-03-24 20:46:43,Wi-Fi
2026-03-24 20:51:16,Wi-Fi
2026-03-24 21:16:39,Wi-Fi
2026-03-24 21:31:39,Wi-Fi
2026-03-24 21:31:40,Wi-Fi
2026-03-24 21:32:29,Wi-Fi
2026-03-24 21:42:41,Wi-Fi
2026-03-24 22:28:27,Wi-Fi
2026-03-24 23:19:01,Wi-Fi
2026-03-25 01:07:05,Wi-Fi
2026-03-25 01:38:14,Wi-Fi
2026-03-25 10:46:51,Wi-Fi
2026-03-25 10:48:55,Wi-Fi
2026-03-25 11:00:11,Wi-Fi
2026-03-25 11:23:50,Wi-Fi
2026-03-25 12:01:54,Wi-Fi
2026-03-25 12:06:26,Wi-Fi
2026-03-25 13:12:52,Wi-Fi
2026-03-25 13:45:34,Wi-Fi
2026-03-25 14:58:08,Wi-Fi
2026-03-25 14:59:53,Wi-Fi
2026-03-25 15:00:13,Wi-Fi
2026-03-25 15:31:38,Wi-Fi
2026-03-25 17:06:13,Wi-Fi
2026-03-25 18:39:29,Wi-Fi
2026-03-25 19:38:12,Wi-Fi
2026-03-25 19:39:10,Wi-Fi
2026-03-25 19:49:55,Wi-Fi
2026-03-25 20:41:06,Wi-Fi
2026-03-25 21:50:05,Wi-Fi
2026-03-25 21:58:12,Wi-Fi
2026-03-25 21:58:12,Wi-Fi
2026-03-25 22:35:04,4G
2026-03-25 23:08:07,4G
2026-03-25 23:13:29,Wi-Fi
2026-03-26 00:52:07,Wi-Fi
2026-03-26 06:47:00,Wi-Fi
2026-03-26 06:50:22,Wi-Fi
2026-03-26 10:37:48,Wi-Fi
2026-03-26 10:39:21,Wi-Fi
2026-03-26 10:39:45,Wi-Fi
2026-03-26 10:39:56,Wi-Fi
2026-03-26 10:40:36,Wi-Fi
2026-03-26 11:03:07,Wi-Fi
2026-03-26 11:04:14,Wi-Fi
2026-03-26 11:16:18,Wi-Fi
2026-03-26 11:39:27,Wi-Fi
2026-03-26 12:02:54,Wi-Fi
2026-03-26 12:05:32,Wi-Fi
2026-03-26 12:31:44,4G
2026-03-26 12:40:17,Wi-Fi
2026-03-26 13:22:13,Wi-Fi
2026-03-26 13:25:42,Wi-Fi
2026-03-26 13:42:50,Wi-Fi
2026-03-26 14:51:38,Wi-Fi
2026-03-26 15:27:56,Wi-Fi
2026-03-26 15:28:35,Wi-Fi
2026-03-26 16:23:59,Wi-Fi
2026-03-26 16:42:46,4G
2026-03-26 16:48:27,Wi-Fi
2026-03-26 16:48:49,Wi-Fi
2026-03-26 18:00:03,Wi-Fi
2026-03-26 19:22:25,Wi-Fi
2026-03-26 19:23:19,Wi-Fi
2026-03-26 19:33:24,Wi-Fi
2026-03-26 19:35:37,Wi-Fi
2026-03-26 21:06:40,Wi-Fi
2026-03-26 22:05:22,Wi-Fi
2026-03-26 22:30:57,Wi-Fi
2026-03-26 22:35:23,Wi-Fi
2026-03-27 02:04:33,Wi-Fi
2026-03-27 02:09:46,Wi-Fi
2026-03-27 02:14:12,Wi-Fi
2026-03-27 06:57:31,Wi-Fi
2026-03-27 07:03:15,Wi-Fi
2026-03-27 07:55:38,4G
2026-03-27 08:34:59,5g
2026-03-27 08:36:36,5g
2026-03-27 08:40:05,4G
2026-03-27 08:45:04,4G
2026-03-27 11:32:57,Wi-Fi
2026-03-27 12:54:33,Wi-Fi
2026-03-27 13:00:59,Wi-Fi
2026-03-27 15:26:35,Wi-Fi
2026-03-27 20:48:47,Wi-Fi
2026-03-27 21:32:43,Wi-Fi
2026-03-28 00:00:02,Wi-Fi
2026-03-28 00:29:51,Wi-Fi
2026-03-28 01:54:07,Wi-Fi
2026-03-28 11:44:05,Wi-Fi
2026-03-28 11:46:58,Wi-Fi
2026-03-28 11:52:05,Wi-Fi
2026-03-28 13:05:43,Wi-Fi
2026-03-28 13:10:33,Wi-Fi
2026-03-28 13:13:55,Wi-Fi
2026-03-28 15:18:04,Wi-Fi
2026-03-28 20:08:39,Wi-Fi
2026-03-28 21:35:01,Wi-Fi
2026-03-29 10:01:04,Wi-Fi
2026-03-29 11:09:53,Wi-Fi
2026-03-29 11:10:56,Wi-Fi
2026-03-29 11:11:32,Wi-Fi
2026-03-29 11:23:47,Wi-Fi
2026-03-29 16:19:17,Wi-Fi
2026-03-29 16:27:20,Wi-Fi
2026-03-29 16:54:38,Wi-Fi
2026-03-29 17:29:35,Wi-Fi
2026-03-29 17:38:16,Wi-Fi
2026-03-29 17:44:49,Wi-Fi
2026-03-29 17:46:32,Wi-Fi
2026-03-29 17:47:35,Wi-Fi
2026-03-29 17:53:14,Wi-Fi
2026-03-29 19:51:06,Wi-Fi
2026-03-29 19:58:21,Wi-Fi
2026-03-29 21:02:18,Wi-Fi
2026-03-29 21:34:49,Wi-Fi
2026-03-30 00:37:55,Wi-Fi
2026-03-30 00:40:45,Wi-Fi
2026-03-30 00:42:44,5g
2026-03-30 08:44:20,Wi-Fi
2026-03-30 09:26:01,Wi-Fi
2026-03-30 16:49:28,Wi-Fi
2026-03-30 17:18:32,Wi-Fi
2026-03-30 20:49:23,Wi-Fi
2026-03-30 20:50:56,Wi-Fi
2026-03-30 20:54:15,Wi-Fi
2026-03-30 21:14:18,Wi-Fi
2026-03-30 21:33:17,4G
2026-03-30 21:51:33,Wi-Fi
2026-03-30 22:54:47,Wi-Fi
2026-03-30 23:58:54,Wi-Fi
2026-03-31 00:07:04,Wi-Fi
2026-03-31 01:14:07,Wi-Fi
2026-03-31 06:58:45,Wi-Fi
2026-03-31 07:03:48,Wi-Fi
2026-03-31 09:31:33,Wi-Fi
2026-03-31 09:48:17,Wi-Fi
2026-03-31 09:50:52,Wi-Fi
2026-03-31 09:51:44,Wi-Fi
2026-03-31 09:52:48,Wi-Fi
2026-03-31 09:53:57,Wi-Fi
2026-03-31 09:53:58,Wi-Fi
2026-03-31 09:56:03,Wi-Fi
2026-03-31 09:59:05,Wi-Fi
2026-03-31 10:20:57,Wi-Fi
2026-03-31 10:26:08,Wi-Fi
2026-03-31 10:26:27,Wi-Fi
2026-03-31 10:30:51,Wi-Fi
2026-03-31 10:39:24,Wi-Fi
2026-03-31 10:49:05,Wi-Fi
2026-03-31 11:44:45,Wi-Fi
2026-03-31 12:22:11,Wi-Fi
2026-03-31 12:27:51,Wi-Fi
2026-03-31 12:35:24,Wi-Fi
2026-03-31 13:09:00,Wi-Fi
2026-03-31 13:40:57,Wi-Fi
2026-03-31 14:37:44,Wi-Fi
2026-03-31 14:38:45,Wi-Fi
2026-03-31 15:01:02,Wi-Fi
2026-03-31 15:21:50,Wi-Fi
2026-03-31 15:24:12,Wi-Fi
2026-03-31 15:24:41,Wi-Fi
2026-03-31 15:44:29,Wi-Fi
2026-03-31 15:47:50,Wi-Fi
2026-03-31 16:35:31,Wi-Fi
2026-03-31 16:55:46,Wi-Fi
2026-03-31 19:00:12,Wi-Fi
2026-03-31 19:20:25,Wi-Fi
2026-03-31 19:27:37,Wi-Fi
2026-03-31 19:37:07,Wi-Fi
2026-03-31 19:37:07,Wi-Fi
2026-03-31 20:15:50,Wi-Fi
2026-03-31 20:16:40,Wi-Fi
2026-03-31 21:31:21,Wi-Fi
2026-03-31 21:34:21,Wi-Fi
2026-03-31 21:34:21,Wi-Fi
2026-03-31 23:13:48,4G
2026-03-31 23:21:19,4G
2026-03-31 23:21:25,5g
2026-03-31 23:21:44,5g
2026-04-01 00:08:14,Wi-Fi
2026-04-01 01:47:26,Wi-Fi
2026-04-01 10:11:26,Wi-Fi
2026-04-01 10:39:06,Wi-Fi
2026-04-01 10:42:45,Wi-Fi
2026-04-01 10:45:52,Wi-Fi
2026-04-01 10:46:06,Wi-Fi
2026-04-01 10:46:59,5g
2026-04-01 11:04:56,Wi-Fi
2026-04-01 11:06:49,Wi-Fi
2026-04-01 11:21:35,Wi-Fi
2026-04-01 11:23:55,Wi-Fi
2026-04-01 12:50:44,Wi-Fi
2026-04-01 12:53:38,Wi-Fi
2026-04-01 13:00:09,Wi-Fi
2026-04-01 21:42:24,Wi-Fi
2026-04-01 21:44:39,Wi-Fi
2026-04-01 23:36:28,Wi-Fi
2026-04-02 00:07:32,Wi-Fi
2026-04-02 00:08:57,Wi-Fi
2026-04-02 00:41:41,Wi-Fi
2026-04-02 10:54:28,Wi-Fi
2026-04-02 10:58:34,Wi-Fi
2026-04-02 11:10:59,Wi-Fi
2026-04-02 13:20:49,Wi-Fi
2026-04-02 15:04:02,Wi-Fi
2026-04-02 18:17:09,Wi-Fi
2026-04-02 18:31:38,Wi-Fi
2026-04-02 18:33:05,Wi-Fi
2026-04-02 18:37:58,Wi-Fi
2026-04-03 01:42:33,Wi-Fi
2026-04-03 01:44:20,Wi-Fi
2026-04-03 01:46:09,Wi-Fi
2026-04-03 01:52:49,Wi-Fi
2026-04-03 11:59:48,Wi-Fi
2026-04-03 12:03:34,Wi-Fi
2026-04-03 12:08:43,Wi-Fi
2026-04-03 12:08:44,Wi-Fi
2026-04-03 12:10:56,4G
2026-04-03 12:12:51,4G
2026-04-03 14:37:16,Wi-Fi
2026-04-03 15:46:16,Wi-Fi
2026-04-03 15:50:20,Wi-Fi
2026-04-03 15:59:33,Wi-Fi
2026-04-03 22:48:51,5g
2026-04-03 22:49:40,5g
2026-04-03 22:50:30,5g
2026-04-04 06:48:18,Wi-Fi
2026-04-04 11:06:45,Wi-Fi
2026-04-04 11:19:22,Wi-Fi
2026-04-04 12:51:13,5g
2026-04-04 16:59:15,5g
2026-04-04 17:07:34,5g
2026-04-04 20:45:29,Wi-Fi
2026-04-04 20:58:56,Wi-Fi
2026-04-04 21:37:32,Wi-Fi
2026-04-04 21:41:31,Wi-Fi
2026-04-04 21:47:25,Wi-Fi
2026-04-04 22:07:12,4G
2026-04-05 11:26:01,Wi-Fi
2026-04-05 11:31:15,Wi-Fi
2026-04-05 11:34:10,Wi-Fi
2026-04-05 11:41:57,Wi-Fi
2026-04-05 11:43:15,Wi-Fi
2026-04-05 12:51:48,4G
2026-04-05 12:53:33,4G
2026-04-05 13:02:43,4G
2026-04-05 14:53:24,Wi-Fi
2026-04-05 15:28:29,4G
2026-04-05 16:16:52,Wi-Fi
2026-04-05 16:27:39,Wi-Fi
2026-04-05 20:14:15,Wi-Fi
2026-04-05 20:48:09,Wi-Fi
2026-04-05 21:11:52,Wi-Fi
2026-04-05 21:39:38,Wi-Fi
2026-04-05 21:52:48,Wi-Fi
2026-04-05 22:05:37,Wi-Fi
2026-04-05 22:10:27,Wi-Fi
2026-04-05 22:26:14,Wi-Fi
2026-04-05 22:47:56,Wi-Fi
2026-04-06 00:24:50,Wi-Fi
2026-04-06 00:27:05,Wi-Fi
2026-04-06 11:39:14,4G
2026-04-06 12:26:34,Wi-Fi
2026-04-06 12:28:33,Wi-Fi
2026-04-06 12:58:22,Wi-Fi
2026-04-06 13:05:26,Wi-Fi
2026-04-06 13:09:32,Wi-Fi
2026-04-06 13:16:09,Wi-Fi
2026-04-06 14:59:34,Wi-Fi
2026-04-06 15:27:28,Wi-Fi
2026-04-06 20:43:15,Wi-Fi
2026-04-06 20:44:55,Wi-Fi
2026-04-06 20:50:17,Wi-Fi
2026-04-06 23:33:06,Wi-Fi
2026-04-06 23:40:12,Wi-Fi
2026-04-07 00:15:37,Wi-Fi
2026-04-07 12:10:03,Wi-Fi
2026-04-07 12:55:15,Wi-Fi
2026-04-07 13:05:19,Wi-Fi
2026-04-07 14:24:17,Wi-Fi
2026-04-07 16:06:38,Wi-Fi
2026-04-07 19:17:41,Wi-Fi
2026-04-07 19:44:48,Wi-Fi
2026-04-07 21:40:05,Wi-Fi
2026-04-08 00:24:45,Wi-Fi
2026-04-08 00:47:48,Wi-Fi
2026-04-08 10:25:50,Wi-Fi
2026-04-08 10:32:02,Wi-Fi
2026-04-08 12:00:24,4G
2026-04-08 12:03:24,4G
2026-04-08 13:14:10,Wi-Fi
2026-04-08 13:55:27,Wi-Fi
2026-04-08 13:55:39,Wi-Fi
2026-04-08 14:12:30,Wi-Fi
2026-04-08 14:13:00,Wi-Fi
2026-04-08 15:08:39,Wi-Fi
2026-04-08 15:27:53,Wi-Fi
2026-04-08 15:28:39,Wi-Fi
2026-04-08 17:13:19,Wi-Fi
2026-04-08 17:17:54,Wi-Fi
2026-04-08 17:20:59,Wi-Fi
2026-04-08 19:52:19,Wi-Fi
2026-04-08 20:01:35,Wi-Fi
2026-04-08 20:12:36,Wi-Fi
2026-04-08 20:15:30,Wi-Fi
2026-04-08 23:44:41,Wi-Fi
2026-04-09 00:04:28,Wi-Fi
2026-04-09 09:09:22,Wi-Fi
2026-04-09 11:05:54,Wi-Fi
2026-04-09 11:13:15,Wi-Fi
2026-04-09 11:16:34,Wi-Fi
2026-04-09 11:28:42,Wi-Fi
2026-04-09 11:37:39,Wi-Fi
2026-04-09 15:02:51,Wi-Fi
2026-04-09 18:21:41,Wi-Fi
2026-04-09 18:35:19,Wi-Fi
2026-04-09 20:05:34,Wi-Fi
2026-04-09 20:07:25,Wi-Fi
2026-04-09 21:29:46,4G
2026-04-09 21:30:36,4G
2026-04-09 21:30:47,4G
2026-04-09 23:26:54,Wi-Fi
2026-04-09 23:32:51,Wi-Fi
2026-04-10 01:14:38,Wi-Fi
2026-04-10 01:21:29,Wi-Fi
2026-04-10 01:26:27,Wi-Fi
2026-04-10 01:49:24,Wi-Fi
2026-04-10 01:50:32,Wi-Fi
2026-04-10 08:35:47,5g
2026-04-10 08:45:47,5g
2026-04-10 09:06:54,5g
2026-04-10 09:22:26,5g
2026-04-10 09:37:39,5g
2026-04-10 09:58:50,5g
2026-04-10 09:59:29,5g
2026-04-10 10:00:35,5g
2026-04-10 10:39:08,5g
2026-04-10 11:07:54,5g
2026-04-10 11:41:54,5g
2026-04-10 11:55:06,5g
2026-04-10 12:26:11,Wi-Fi
2026-04-10 13:28:37,Wi-Fi
2026-04-10 13:49:00,Wi-Fi
2026-04-10 15:44:26,Wi-Fi
2026-04-10 16:11:47,Wi-Fi
2026-04-10 16:15:00,Wi-Fi
2026-04-10 16:15:28,Wi-Fi
2026-04-10 16:19:19,Wi-Fi
2026-04-10 17:19:51,Wi-Fi
2026-04-10 17:55:29,Wi-Fi
2026-04-10 21:18:21,Wi-Fi
2026-04-10 21:24:56,Wi-Fi
2026-04-10 21:24:56,Wi-Fi
2026-04-10 22:33:19,5g
2026-04-10 22:35:05,4G
2026-04-10 22:54:39,5g
2026-04-10 23:39:38,5g
2026-04-10 23:40:47,5g
2026-04-11 01:52:25,5g
2026-04-11 03:01:10,5g
2026-04-11 06:35:20,Wi-Fi
2026-04-11 10:24:08,Wi-Fi
2026-04-11 10:32:55,Wi-Fi
2026-04-11 10:53:27,Wi-Fi
2026-04-11 11:35:06,Wi-Fi
2026-04-11 12:58:07,Wi-Fi
2026-04-11 15:02:01,Wi-Fi
2026-04-11 15:02:01,Wi-Fi
2026-04-11 15:23:28,Wi-Fi
2026-04-11 15:51:48,Wi-Fi
2026-04-11 17:35:21,Wi-Fi
2026-04-11 17:36:46,Wi-Fi
2026-04-11 18:53:08,Wi-Fi
2026-04-11 19:58:11,Wi-Fi
2026-04-11 20:49:47,Wi-Fi
2026-04-11 21:39:35,Wi-Fi
2026-04-12 00:42:24,Wi-Fi
2026-04-12 00:48:30,Wi-Fi
2026-04-12 01:04:06,Wi-Fi
2026-04-12 01:05:27,Wi-Fi
2026-04-12 02:51:52,Wi-Fi
2026-04-12 03:18:44,Wi-Fi
2026-04-12 03:24:27,Wi-Fi
2026-04-12 03:42:40,Wi-Fi
2026-04-12 13:40:18,Wi-Fi
2026-04-12 15:02:12,Wi-Fi
2026-04-12 15:18:34,Wi-Fi
2026-04-12 15:21:22,Wi-Fi
2026-04-12 15:45:28,Wi-Fi
2026-04-12 16:05:25,Wi-Fi
2026-04-12 16:06:06,Wi-Fi
2026-04-12 17:37:04,Wi-Fi
2026-04-12 19:27:20,Wi-Fi
2026-04-12 19:42:22,Wi-Fi
2026-04-12 20:01:22,Wi-Fi
2026-04-12 21:29:51,Wi-Fi
2026-04-12 23:23:08,Wi-Fi
2026-04-12 23:24:07,Wi-Fi
2026-04-13 11:21:35,4G
2026-04-13 11:56:26,5g
2026-04-13 12:43:38,5g
2026-04-13 12:44:32,5g
2026-04-13 13:19:17,5g
2026-04-13 13:23:12,5g
2026-04-13 17:38:39,Wi-Fi
2026-04-13 18:30:13,Wi-Fi
2026-04-13 18:45:32,Wi-Fi
2026-04-13 22:52:23,Wi-Fi
2026-04-13 22:54:34,Wi-Fi
2026-04-13 22:58:49,Wi-Fi
2026-04-14 00:13:17,Wi-Fi
2026-04-14 00:21:16,Wi-Fi
2026-04-14 00:28:36,Wi-Fi
2026-04-14 01:37:19,Wi-Fi
2026-04-14 01:44:13,Wi-Fi
2026-04-14 01:57:59,Wi-Fi
2026-04-14 11:11:24,Wi-Fi
2026-04-14 11:11:51,Wi-Fi
2026-04-14 11:23:34,Wi-Fi
2026-04-14 11:24:24,Wi-Fi
2026-04-14 11:27:07,Wi-Fi
2026-04-14 11:30:35,Wi-Fi
2026-04-14 14:25:30,Wi-Fi
2026-04-14 14:39:54,Wi-Fi
2026-04-14 15:05:05,Wi-Fi
2026-04-14 15:07:14,Wi-Fi
2026-04-14 19:49:49,Wi-Fi
2026-04-14 23:31:36,Wi-Fi
2026-04-14 23:52:06,Wi-Fi
2026-04-14 23:59:10,Wi-Fi
2026-04-15 11:22:20,Wi-Fi
2026-04-15 12:58:41,Wi-Fi
2026-04-15 13:06:16,Wi-Fi
2026-04-15 13:24:07,Wi-Fi
2026-04-15 15:41:42,Wi-Fi
2026-04-15 17:24:44,Wi-Fi
2026-04-15 17:30:21,Wi-Fi
2026-04-15 17:31:34,Wi-Fi
2026-04-15 21:12:27,Wi-Fi
2026-04-15 21:40:10,Wi-Fi
2026-04-16 00:00:05,Wi-Fi
2026-04-16 00:33:41,Wi-Fi
2026-04-16 00:37:21,Wi-Fi
2026-04-16 01:21:46,Wi-Fi
2026-04-16 01:23:00,Wi-Fi
2026-04-16 01:23:33,Wi-Fi
2026-04-16 01:36:14,Wi-Fi
2026-04-16 01:38:44,Wi-Fi
2026-04-16 02:04:03,Wi-Fi
2026-04-16 02:04:53,Wi-Fi
2026-04-16 12:01:55,Wi-Fi
2026-04-16 17:11:07,Wi-Fi
2026-04-16 21:34:15,Wi-Fi
2026-04-16 21:39:37,Wi-Fi
2026-04-16 22:59:38,Wi-Fi
2026-04-16 23:00:06,Wi-Fi
2026-04-16 23:57:03,Wi-Fi
2026-04-17 17:43:09,Wi-Fi
2026-04-17 21:00:26,Wi-Fi
2026-04-17 21:10:11,Wi-Fi
2026-04-17 21:15:46,Wi-Fi
2026-04-17 21:31:13,Wi-Fi
2026-04-17 21:35:30,Wi-Fi
2026-04-17 22:24:54,Wi-Fi
2026-04-18 11:56:23,Wi-Fi
2026-04-18 15:22:19,Wi-Fi
2026-04-18 16:35:31,Wi-Fi
2026-04-18 20:43:02,Wi-Fi
2026-04-18 20:46:40,Wi-Fi
2026-04-18 20:49:00,Wi-Fi
2026-04-18 21:48:46,Wi-Fi
2026-04-18 21:49:11,Wi-Fi
2026-04-18 21:51:49,Wi-Fi
2026-04-19 00:29:37,Wi-Fi
2026-04-19 15:57:03,Wi-Fi
2026-04-19 22:30:45,Wi-Fi
2026-04-19 22:30:45,Wi-Fi
2026-04-19 22:33:06,Wi-Fi
2026-04-20 01:48:44,Wi-Fi
2026-04-20 01:51:00,4G
2026-04-20 22:16:02,Wi-Fi
2026-04-20 22:21:39,Wi-Fi
2026-04-21 06:18:11,Wi-Fi
2026-04-21 11:29:53,Wi-Fi
2026-04-21 12:21:05,Wi-Fi
2026-04-22 11:07:16,Wi-Fi
2026-04-22 12:37:51,Wi-Fi
2026-04-22 21:55:01,Wi-Fi
2026-04-23 10:41:26,Wi-Fi
2026-04-23 15:26:35,Wi-Fi
2026-04-23 15:41:02,Wi-Fi
2026-04-23 21:05:11,Wi-Fi
2026-04-23 23:43:32,Wi-Fi
2026-04-23 23:54:27,Wi-Fi
2026-04-24 18:21:33,Wi-Fi
2026-04-25 08:51:29,Wi-Fi
2026-04-25 15:29:59,Wi-Fi
2026-04-25 15:38:31,Wi-Fi
2026-04-25 17:38:59,Wi-Fi
2026-04-26 12:10:46,Wi-Fi
2026-04-26 12:23:51,Wi-Fi
2026-04-26 12:31:43,Wi-Fi
2026-04-26 12:32:27,Wi-Fi
2026-04-26 12:37:21,Wi-Fi
2026-04-26 12:50:58,Wi-Fi
2026-04-26 14:24:38,Wi-Fi
2026-04-26 16:15:41,Wi-Fi
2026-04-26 23:14:42,Wi-Fi
2026-04-27 11:10:24,Wi-Fi
2026-04-27 12:29:46,Wi-Fi
2026-04-27 15:02:21,Wi-Fi
2026-04-27 15:06:32,Wi-Fi
2026-04-27 15:25:22,Wi-Fi
2026-04-27 15:37:33,Wi-Fi
2026-04-27 15:37:36,Wi-Fi
2026-04-27 16:09:19,Wi-Fi
2026-04-27 16:11:26,Wi-Fi
2026-04-27 16:12:29,Wi-Fi
2026-04-27 16:14:46,Wi-Fi
2026-04-27 17:03:24,Wi-Fi
2026-04-27 17:04:29,Wi-Fi
2026-04-27 17:09:28,Wi-Fi
2026-04-27 19:19:32,Wi-Fi
2026-04-28 00:44:28,Wi-Fi
2026-04-28 18:44:53,Wi-Fi
2026-04-28 19:18:55,Wi-Fi
2026-04-28 19:40:51,Wi-Fi
2026-04-28 23:32:51,Wi-Fi
2026-04-28 23:38:15,Wi-Fi
2026-04-28 23:39:14,Wi-Fi
2026-04-30 01:01:48,Wi-Fi
2026-05-01 12:05:06,Wi-Fi
2026-05-01 12:11:40,Wi-Fi
2026-05-01 12:23:44,Wi-Fi
2026-05-01 12:50:56,Wi-Fi
2026-05-01 14:55:20,Wi-Fi
2026-05-01 14:55:41,Wi-Fi
2026-05-01 15:17:01,Wi-Fi
2026-05-01 16:02:25,Wi-Fi
2026-05-01 17:28:14,Wi-Fi
2026-05-01 17:59:21,Wi-Fi
2026-05-01 18:06:56,Wi-Fi
2026-05-01 18:43:16,Wi-Fi
2026-05-01 18:45:38,Wi-Fi
2026-05-01 18:55:12,Wi-Fi
2026-05-01 19:20:01,Wi-Fi
2026-05-01 20:16:42,Wi-Fi
2026-05-01 23:23:57,Wi-Fi
2026-05-02 00:32:29,Wi-Fi
2026-05-02 09:51:35,Wi-Fi
2026-05-02 10:26:16,Wi-Fi
2026-05-02 10:38:29,Wi-Fi
2026-05-02 10:44:29,Wi-Fi
2026-05-02 11:14:07,Wi-Fi
2026-05-02 16:09:04,Wi-Fi
2026-05-02 20:12:17,Wi-Fi
2026-05-02 20:53:20,Wi-Fi
2026-05-02 20:55:10,Wi-Fi
2026-05-02 23:49:04,Wi-Fi
2026-05-02 23:54:21,Wi-Fi
2026-05-02 23:57:09,Wi-Fi
2026-05-03 00:01:09,Wi-Fi
2026-05-03 00:02:20,Wi-Fi
2026-05-03 00:32:43,Wi-Fi
2026-05-03 00:34:53,Wi-Fi
2026-05-03 01:14:32,Wi-Fi
2026-05-03 21:26:58,Wi-Fi
2026-05-03 21:27:46,Wi-Fi
2026-05-03 21:30:01,Wi-Fi
2026-05-03 21:32:19,Wi-Fi
2026-05-04 00:57:55,Wi-Fi
2026-05-04 11:34:50,Wi-Fi
2026-05-04 11:57:30,Wi-Fi
2026-05-04 12:08:13,Wi-Fi
2026-05-04 12:13:46,Wi-Fi
2026-05-04 15:20:54,Wi-Fi
2026-05-04 20:55:04,Wi-Fi
2026-05-05 17:17:11,Wi-Fi
2026-05-06 12:04:12,4G
2026-05-06 12:11:23,Wi-Fi
2026-05-06 12:15:54,Wi-Fi
2026-05-06 14:12:01,Wi-Fi
2026-05-06 15:11:46,Wi-Fi
2026-05-06 15:13:02,Wi-Fi
2026-05-06 15:13:10,Wi-Fi
2026-05-06 17:42:11,Wi-Fi
2026-05-06 21:01:46,Wi-Fi
2026-05-06 21:04:13,Wi-Fi
2026-05-06 21:05:04,Wi-Fi
2026-05-06 23:19:20,Wi-Fi
2026-05-06 23:21:00,Wi-Fi
2026-05-06 23:26:00,Wi-Fi
2026-05-06 23:26:57,Wi-Fi
2026-05-06 23:29:33,Wi-Fi
2026-05-07 01:54:04,Wi-Fi
2026-05-07 01:56:01,Wi-Fi
2026-05-07 10:02:53,Wi-Fi
2026-05-07 10:16:10,Wi-Fi
2026-05-07 11:08:22,5g
2026-05-07 11:23:52,5g
2026-05-07 11:26:48,5g
2026-05-07 11:28:58,5g
2026-05-07 13:45:33,Wi-Fi
2026-05-07 15:05:56,Wi-Fi
2026-05-07 20:00:20,Wi-Fi
2026-05-09 01:59:06,Wi-Fi
2026-05-09 01:59:39,Wi-Fi
2026-05-09 02:00:47,Wi-Fi
2026-05-09 19:30:00,4G
2026-05-10 14:27:11,Wi-Fi
2026-05-10 14:47:58,Wi-Fi
2026-05-10 14:51:58,Wi-Fi
2026-05-10 14:53:14,Wi-Fi
2026-05-10 14:54:41,Wi-Fi
2026-05-10 15:09:22,Wi-Fi
2026-05-10 15:15:04,Wi-Fi
2026-05-10 19:45:16,Wi-Fi
2026-05-10 21:09:13,Wi-Fi
2026-05-10 21:10:33,Wi-Fi
2026-05-10 21:57:01,Wi-Fi
2026-05-10 22:07:19,Wi-Fi
2026-05-11 09:22:52,4G
2026-05-11 09:23:53,4G
2026-05-11 09:35:35,4G
2026-05-11 18:54:34,Wi-Fi
2026-05-11 19:30:08,Wi-Fi
